task_id,task_name,category,priority,task_duration_days,days_until_deadline,percent_complete,expected_percent_complete,num_dependencies,num_dependencies_incomplete,resource_availability_pct,team_workload_score,past_delays_count,progress_gap,risk_score_raw,risk_label
T0001,Testing task 1,Testing,Low,2,18,30.4,0.0,5,3,72.0,2.4,0,-30.4,0.18347495627804736,Low
T0002,Research task 2,Research,High,11,8,33.5,27.3,2,0,64.3,3.8,0,-6.199999999999999,0.026292668770550254,Low
T0003,Research task 3,Research,Medium,10,20,100.0,0.0,2,2,100.0,3.5,1,-100.0,0.23716810048278306,Medium
T0004,Development task 4,Development,Low,7,15,100.0,0.0,0,0,100.0,8.8,1,-100.0,0.13623095020413686,Low
T0005,Research task 5,Research,Medium,7,12,44.7,0.0,2,2,70.9,3.5,0,-44.7,0.3220375441586743,Medium
T0006,Presentation task 6,Presentation,Medium,13,18,45.9,0.0,1,1,71.3,7.2,0,-45.9,0.30461564221863036,Medium
T0007,Presentation task 7,Presentation,Medium,2,9,26.3,0.0,5,5,62.5,5.0,0,-26.3,0.24488204135507544,Medium
T0008,Presentation task 8,Presentation,High,10,14,7.3,0.0,3,0,92.1,4.9,0,-7.3,0.0,Low
T0009,Presentation task 9,Presentation,Medium,3,4,52.1,0.0,0,0,63.4,2.9,3,-52.1,0.12064493716043129,Low
T0010,Testing task 10,Testing,Medium,2,20,30.1,0.0,0,0,61.6,4.9,0,-30.1,0.07003706985848143,Low
T0011,Design task 11,Design,Medium,8,12,52.9,0.0,5,0,89.6,3.1,1,-52.9,0.17005357101052138,Low
T0012,Development task 12,Development,Low,14,15,15.0,0.0,5,3,59.2,5.4,0,-15.0,0.2416842670359924,Medium
T0013,Design task 13,Design,Medium,11,8,36.0,27.3,4,1,69.2,4.4,0,-8.7,0.19887094020915835,Low
T0014,Presentation task 14,Presentation,High,11,17,58.7,0.0,0,0,38.4,2.6,1,-58.7,0.13381512103913737,Low
T0015,Development task 15,Development,Medium,11,-1,64.2,100.0,0,0,84.1,7.5,0,35.8,0.3126666255859677,Medium
T0016,Development task 16,Development,Low,12,0,65.4,100.0,1,0,100.0,6.1,1,34.599999999999994,0.2776353155412212,Medium
T0017,Documentation task 17,Documentation,Medium,8,9,22.0,0.0,4,1,84.4,3.9,0,-22.0,0.1772269659296223,Low
T0018,Development task 18,Development,High,2,14,76.4,0.0,4,1,99.2,5.4,0,-76.4,0.13778123778372994,Low
T0019,Development task 19,Development,High,12,16,35.0,0.0,5,2,53.1,4.8,1,-35.0,0.1728166411595001,Low
T0020,Design task 20,Design,Medium,7,8,70.8,0.0,0,0,74.7,2.8,0,-70.8,0.16107570690432085,Low
T0021,Research task 21,Research,Medium,8,12,54.7,0.0,0,0,51.1,5.2,0,-54.7,0.13670922505068434,Low
T0022,Research task 22,Research,Medium,6,10,20.6,0.0,5,2,65.4,3.4,1,-20.6,0.1634573271395009,Low
T0023,Development task 23,Development,High,3,20,47.1,0.0,5,4,85.4,2.6,0,-47.1,0.052758068220881554,Low
T0024,Presentation task 24,Presentation,High,13,13,64.1,0.0,4,2,72.0,0.9,1,-64.1,0.18388664622473355,Low
T0025,Design task 25,Design,High,11,7,70.3,36.4,0,0,41.7,4.1,0,-33.9,0.15400063198309413,Low
T0026,Testing task 26,Testing,Medium,10,20,51.5,0.0,0,0,43.7,6.4,1,-51.5,0.20211294949676176,Low
T0027,Design task 27,Design,Low,6,0,93.3,100.0,0,0,42.4,3.3,0,6.700000000000003,0.18920876644445914,Low
T0028,Design task 28,Design,Medium,12,20,80.2,0.0,4,2,79.8,10.0,1,-80.2,0.24820577466002755,Medium
T0029,Research task 29,Research,Low,8,1,48.6,87.5,5,0,100.0,7.2,1,38.9,0.28233764532514516,Medium
T0030,Testing task 30,Testing,Low,7,4,73.8,42.9,3,2,97.2,8.3,1,-30.9,0.27852471022303066,Medium
T0031,Testing task 31,Testing,Medium,7,16,100.0,0.0,1,0,32.1,7.0,1,-100.0,0.2554725553183342,Medium
T0032,Development task 32,Development,Medium,4,14,100.0,0.0,4,1,98.4,9.6,0,-100.0,0.17484842058127006,Low
T0033,Testing task 33,Testing,High,2,20,24.3,0.0,0,0,88.7,3.0,0,-24.3,0.10939687471583795,Low
T0034,Development task 34,Development,High,8,15,31.8,0.0,4,2,39.1,0.0,1,-31.8,0.18406795761579278,Low
T0035,Design task 35,Design,High,13,12,92.1,7.7,5,0,63.9,3.9,1,-84.39999999999999,0.10410534576048389,Low
T0036,Documentation task 36,Documentation,High,1,5,28.5,0.0,4,1,91.9,6.4,1,-28.5,0.1747374454120349,Low
T0037,Testing task 37,Testing,Medium,13,-2,21.9,100.0,5,1,81.0,5.4,2,78.1,0.45154734574197364,High
T0038,Research task 38,Research,Low,12,0,42.8,100.0,3,3,43.8,5.7,1,57.2,0.5983025821206293,High
T0039,Development task 39,Development,Medium,4,4,65.5,0.0,2,2,82.2,8.3,0,-65.5,0.21742422805701472,Medium
T0040,Development task 40,Development,Low,9,-2,52.4,100.0,1,0,27.2,6.0,0,47.6,0.3844136520008118,High
T0041,Documentation task 41,Documentation,Low,3,9,38.7,0.0,5,3,65.5,7.0,1,-38.7,0.17248209633083542,Low
T0042,Design task 42,Design,Low,11,15,38.1,0.0,4,3,92.8,2.7,0,-38.1,0.16254415236642497,Low
T0043,Presentation task 43,Presentation,High,10,20,37.2,0.0,1,0,70.4,2.3,1,-37.2,0.17604835178212136,Low
T0044,Testing task 44,Testing,Medium,5,9,33.0,0.0,5,2,60.0,9.0,0,-33.0,0.2558128336125949,Medium
T0045,Research task 45,Research,High,1,18,100.0,0.0,0,0,87.8,5.3,1,-100.0,0.146645935638323,Low
T0046,Development task 46,Development,High,14,20,62.4,0.0,3,3,89.5,3.4,0,-62.4,0.33436569486561946,High
T0047,Presentation task 47,Presentation,High,7,17,77.2,0.0,1,0,96.2,3.4,0,-77.2,0.07690279240600478,Low
T0048,Design task 48,Design,Low,13,8,42.8,38.5,3,0,87.5,3.4,0,-4.299999999999997,0.03148939777059888,Low
T0049,Documentation task 49,Documentation,High,10,5,50.4,50.0,2,1,91.6,3.2,0,-0.3999999999999986,0.09588823652987483,Low
T0050,Documentation task 50,Documentation,High,11,20,37.2,0.0,2,0,84.7,1.8,1,-37.2,0.06664957707781699,Low
T0051,Documentation task 51,Documentation,High,11,3,0.0,72.7,4,1,75.3,1.2,1,72.7,0.3545219344036205,High
T0052,Research task 52,Research,Low,3,7,20.5,0.0,4,1,71.8,4.5,0,-20.5,0.12189565000932842,Low
T0053,Development task 53,Development,Low,6,-1,9.7,100.0,2,0,65.3,3.5,0,90.3,0.5298626954629745,High
T0054,Development task 54,Development,High,7,16,0.0,0.0,5,5,45.8,7.8,1,0.0,0.43294114737194395,High
T0055,Development task 55,Development,Low,7,12,25.1,0.0,2,0,50.9,5.7,0,-25.1,0.07680537589756681,Low
T0056,Presentation task 56,Presentation,Medium,1,-1,88.1,100.0,0,0,64.4,5.7,2,11.900000000000006,0.23297485743832239,Medium
T0057,Research task 57,Research,Medium,8,3,53.9,62.5,0,0,74.8,3.1,0,8.600000000000001,0.1111997806543304,Low
T0058,Testing task 58,Testing,Low,3,10,87.3,0.0,1,1,98.8,4.7,0,-87.3,0.2022544473082626,Medium
T0059,Presentation task 59,Presentation,Low,11,10,65.3,9.1,4,3,69.2,5.9,0,-56.199999999999996,0.3118537794252828,Medium
T0060,Presentation task 60,Presentation,High,10,16,74.6,0.0,3,2,90.1,6.8,1,-74.6,0.3686150633803609,High
T0061,Testing task 61,Testing,High,13,4,32.5,69.2,2,2,91.6,4.8,0,36.7,0.3330996685192003,Medium
T0062,Presentation task 62,Presentation,High,11,19,68.1,0.0,2,0,65.4,7.7,0,-68.1,0.14661356428289854,Low
T0063,Development task 63,Development,Low,6,8,73.2,0.0,5,1,81.9,5.0,1,-73.2,0.1815785007818857,Low
T0064,Testing task 64,Testing,Low,14,16,40.6,0.0,3,0,65.1,7.0,0,-40.6,0.12323916405225704,Low
T0065,Testing task 65,Testing,Medium,6,3,69.0,50.0,0,0,96.4,3.8,0,-19.0,0.07535190692547414,Low
T0066,Research task 66,Research,Medium,5,-2,69.2,100.0,0,0,82.7,0.5,0,30.799999999999997,0.1904980945608227,Low
T0067,Research task 67,Research,Low,13,-1,41.3,100.0,2,1,46.2,5.7,0,58.7,0.36723397057145774,High
T0068,Presentation task 68,Presentation,High,6,6,26.9,0.0,2,1,73.2,6.8,0,-26.9,0.21502832817424392,Medium
T0069,Design task 69,Design,High,2,19,25.4,0.0,5,5,100.0,6.4,0,-25.4,0.25354861870152723,Medium
T0070,Development task 70,Development,Medium,7,-1,57.2,100.0,3,1,66.4,6.1,1,42.8,0.4819282191795117,High
T0071,Testing task 71,Testing,Medium,12,6,63.2,50.0,4,1,79.0,4.1,2,-13.200000000000003,0.16660785371015108,Low
T0072,Testing task 72,Testing,Medium,3,0,35.2,100.0,3,3,80.9,3.0,0,64.8,0.43771262608429146,High
T0073,Testing task 73,Testing,Low,7,19,55.7,0.0,2,2,49.3,6.4,0,-55.7,0.2924783896843572,Medium
T0074,Presentation task 74,Presentation,Low,2,13,69.3,0.0,3,3,80.2,6.1,1,-69.3,0.18331252450983526,Low
T0075,Documentation task 75,Documentation,Medium,10,15,70.5,0.0,3,1,42.1,3.6,0,-70.5,0.13030410824001787,Low
T0076,Presentation task 76,Presentation,Medium,7,14,93.8,0.0,4,2,57.5,7.8,0,-93.8,0.2925252984076499,Medium
T0077,Testing task 77,Testing,Medium,5,13,86.9,0.0,1,0,91.5,2.8,0,-86.9,0.04238297800231683,Low
T0078,Presentation task 78,Presentation,High,4,15,30.0,0.0,3,2,77.1,3.5,1,-30.0,0.24964207864156995,Medium
T0079,Testing task 79,Testing,Low,8,-2,97.1,100.0,1,0,63.9,9.1,0,2.9000000000000057,0.1724553874560976,Low
T0080,Testing task 80,Testing,Low,10,17,41.7,0.0,4,4,78.9,7.2,1,-41.7,0.304193596800479,Medium
T0081,Documentation task 81,Documentation,Low,14,15,81.1,0.0,4,0,68.8,4.1,0,-81.1,0.08452437508061074,Low
T0082,Presentation task 82,Presentation,Low,7,15,56.7,0.0,3,1,70.3,5.7,0,-56.7,0.22784242913066033,Medium
T0083,Research task 83,Research,Medium,3,7,44.7,0.0,5,1,83.1,5.4,1,-44.7,0.18998813840833112,Low
T0084,Presentation task 84,Presentation,High,12,16,9.8,0.0,3,2,55.5,0.0,0,-9.8,0.19886260750441492,Low
T0085,Documentation task 85,Documentation,High,9,6,50.7,33.3,0,0,70.8,2.7,1,-17.400000000000006,0.17803716857087176,Low
T0086,Presentation task 86,Presentation,Medium,10,-1,16.0,100.0,3,2,63.8,4.9,0,84.0,0.5633956445356718,High
T0087,Documentation task 87,Documentation,Medium,2,18,79.2,0.0,4,4,38.3,4.1,2,-79.2,0.41413737509836934,High
T0088,Presentation task 88,Presentation,Low,5,3,92.9,40.0,0,0,51.6,5.6,1,-52.900000000000006,0.14105635912267983,Low
T0089,Design task 89,Design,Medium,11,0,35.1,100.0,0,0,100.0,7.8,1,64.9,0.3567727791783819,High
T0090,Design task 90,Design,Medium,12,12,62.5,0.0,1,1,77.7,4.2,0,-62.5,0.23408732857491696,Medium
T0091,Design task 91,Design,High,7,3,36.9,57.1,5,1,43.5,2.4,0,20.200000000000003,0.16954629641289326,Low
T0092,Design task 92,Design,Medium,12,17,39.3,0.0,3,0,39.2,5.8,1,-39.3,0.22350494808761454,Medium
T0093,Design task 93,Design,Low,12,8,74.4,33.3,5,5,67.8,4.2,0,-41.10000000000001,0.283032326352733,Medium
T0094,Development task 94,Development,Low,6,-2,54.0,100.0,5,2,100.0,4.6,4,46.0,0.47025930309941033,High
T0095,Design task 95,Design,Low,13,19,98.5,0.0,3,0,66.3,4.3,1,-98.5,0.1287444684189222,Low
T0096,Research task 96,Research,High,5,9,42.9,0.0,4,4,96.1,10.0,1,-42.9,0.33531911398144304,High
T0097,Testing task 97,Testing,Low,4,4,80.0,0.0,1,1,77.0,0.0,1,-80.0,0.18662991631291198,Low
T0098,Documentation task 98,Documentation,Low,10,13,57.4,0.0,0,0,79.4,4.0,1,-57.4,0.07443418916367774,Low
T0099,Research task 99,Research,Low,9,10,74.9,0.0,2,0,43.3,5.0,0,-74.9,0.1247396846254889,Low
T0100,Testing task 100,Testing,High,2,-2,43.8,100.0,3,3,88.8,3.0,0,56.2,0.5022214719921709,High
T0101,Testing task 101,Testing,Medium,12,15,53.8,0.0,1,1,63.3,7.2,0,-53.8,0.26158560954346816,Medium
T0102,Documentation task 102,Documentation,Medium,3,7,52.1,0.0,1,1,87.3,7.0,1,-52.1,0.22035097080145263,Medium
T0103,Research task 103,Research,Medium,12,14,34.1,0.0,0,0,53.7,4.9,1,-34.1,0.1554774616817833,Low
T0104,Documentation task 104,Documentation,Low,1,18,71.6,0.0,4,4,73.5,4.3,0,-71.6,0.34397797539191655,High
T0105,Research task 105,Research,High,12,12,71.3,0.0,5,2,77.0,4.7,1,-71.3,0.1661824129963387,Low
T0106,Design task 106,Design,Low,12,13,69.8,0.0,4,2,66.9,4.7,0,-69.8,0.17654901933589923,Low
T0107,Design task 107,Design,Low,11,3,93.4,72.7,2,1,78.1,4.8,0,-20.700000000000003,0.10614445543354191,Low
T0108,Presentation task 108,Presentation,Medium,10,3,91.2,70.0,3,0,64.7,4.5,0,-21.200000000000003,0.13833235309214426,Low
T0109,Design task 109,Design,Low,7,7,45.6,0.0,5,0,57.0,5.6,1,-45.6,0.19801084222868626,Low
T0110,Documentation task 110,Documentation,Low,10,17,64.3,0.0,3,3,100.0,6.9,0,-64.3,0.2953099057840435,Medium
T0111,Presentation task 111,Presentation,High,4,10,39.4,0.0,1,0,91.0,1.9,1,-39.4,0.06407754674819328,Low
T0112,Presentation task 112,Presentation,Medium,11,6,55.6,45.5,2,1,54.8,2.4,1,-10.100000000000001,0.23492501198737753,Medium
T0113,Design task 113,Design,Low,8,15,40.0,0.0,4,1,81.4,0.6,1,-40.0,0.13012818676067875,Low
T0114,Research task 114,Research,Medium,7,17,95.5,0.0,2,0,55.1,7.2,0,-95.5,0.23099751148461314,Medium
T0115,Design task 115,Design,Medium,8,18,64.1,0.0,5,3,46.3,5.6,2,-64.1,0.34709846610721135,High
T0116,Documentation task 116,Documentation,Low,8,4,49.5,50.0,5,4,90.7,6.3,1,0.5,0.34869890980536256,High
T0117,Design task 117,Design,Low,1,14,84.8,0.0,0,0,35.9,1.4,2,-84.8,0.14199867500502084,Low
T0118,Testing task 118,Testing,Medium,2,11,0.7,0.0,4,2,88.5,9.5,0,-0.7,0.1733970978819246,Low
T0119,Development task 119,Development,Medium,4,8,4.6,0.0,2,0,64.9,3.5,0,-4.6,0.138335937184271,Low
T0120,Documentation task 120,Documentation,High,2,7,74.9,0.0,3,0,65.8,5.4,1,-74.9,0.1879943261328055,Low
T0121,Testing task 121,Testing,Medium,7,0,56.5,100.0,1,0,78.2,7.1,0,43.5,0.41994976966905695,High
T0122,Testing task 122,Testing,Low,10,4,61.3,60.0,2,2,81.6,2.5,1,-1.2999999999999972,0.28916451780848534,Medium
T0123,Documentation task 123,Documentation,Medium,10,10,21.8,0.0,1,0,53.5,3.6,0,-21.8,0.22102362279322826,Medium
T0124,Presentation task 124,Presentation,Medium,7,18,54.4,0.0,0,0,84.4,5.4,1,-54.4,0.1520593656829933,Low
T0125,Development task 125,Development,Low,12,17,100.0,0.0,4,1,72.3,10.0,1,-100.0,0.25965719626359807,Medium
T0126,Testing task 126,Testing,Medium,8,2,75.6,75.0,0,0,44.9,5.8,0,-0.5999999999999943,0.13040084393371265,Low
T0127,Testing task 127,Testing,Low,2,13,59.2,0.0,2,0,66.6,9.0,1,-59.2,0.21717149339237068,Medium
T0128,Documentation task 128,Documentation,High,11,-1,44.0,100.0,1,0,97.6,8.0,0,56.0,0.3519748321564341,High
T0129,Development task 129,Development,High,9,13,45.1,0.0,0,0,100.0,5.9,0,-45.1,0.09907550067162356,Low
T0130,Development task 130,Development,Medium,9,5,1.8,44.4,2,2,84.3,2.5,4,42.6,0.3962089926488161,High
T0131,Presentation task 131,Presentation,High,8,8,61.4,0.0,5,2,46.2,7.6,0,-61.4,0.2849533461091734,Medium
T0132,Presentation task 132,Presentation,High,8,14,76.1,0.0,5,3,79.8,1.3,0,-76.1,0.14493346452307448,Low
T0133,Testing task 133,Testing,Low,2,7,15.6,0.0,2,0,87.0,9.0,4,-15.6,0.25125100953662927,Medium
T0134,Research task 134,Research,Medium,8,16,38.5,0.0,3,0,84.5,5.5,3,-38.5,0.019592284356247103,Low
T0135,Design task 135,Design,Medium,12,10,26.1,16.7,5,4,85.7,0.0,1,-9.400000000000002,0.18094967875789222,Low
T0136,Development task 136,Development,Low,5,20,30.9,0.0,1,0,77.3,4.1,0,-30.9,0.1556744889576281,Low
T0137,Documentation task 137,Documentation,Medium,9,12,56.3,0.0,5,2,68.6,6.6,1,-56.3,0.32293575875614405,Medium
T0138,Documentation task 138,Documentation,Low,1,4,2.9,0.0,0,0,57.8,4.4,0,-2.9,0.1758980669192532,Low
T0139,Documentation task 139,Documentation,High,5,15,70.4,0.0,1,0,32.0,6.8,0,-70.4,0.28824415112912694,Medium
T0140,Research task 140,Research,Medium,7,7,73.8,0.0,2,0,76.8,2.9,0,-73.8,0.08674679978793712,Low
T0141,Development task 141,Development,High,14,10,48.7,28.6,0,0,73.7,1.7,0,-20.1,0.06509312879635315,Low
T0142,Documentation task 142,Documentation,Medium,4,1,0.0,75.0,4,2,81.2,4.8,1,75.0,0.5258374488280543,High
T0143,Presentation task 143,Presentation,Low,4,0,30.1,100.0,5,5,43.2,5.1,1,69.9,0.6395236191887801,High
T0144,Research task 144,Research,High,6,11,85.8,0.0,2,0,82.9,4.1,0,-85.8,0.04803212659913195,Low
T0145,Presentation task 145,Presentation,Low,14,2,0.0,85.7,5,4,100.0,8.1,1,85.7,0.575687987793405,High
T0146,Research task 146,Research,Low,12,20,46.3,0.0,4,2,71.6,2.9,0,-46.3,0.11049235469619216,Low
T0147,Design task 147,Design,Medium,1,17,25.5,0.0,4,3,68.8,5.8,2,-25.5,0.3135521880765956,Medium
T0148,Presentation task 148,Presentation,Medium,4,14,75.1,0.0,4,0,76.2,5.2,2,-75.1,0.1476029239583572,Low
T0149,Documentation task 149,Documentation,Medium,12,14,38.1,0.0,3,3,100.0,1.1,0,-38.1,0.14848569416209517,Low
T0150,Presentation task 150,Presentation,Low,1,11,65.1,0.0,0,0,49.5,1.7,0,-65.1,0.07291581215813547,Low
T0151,Testing task 151,Testing,Medium,12,-1,69.1,100.0,5,0,74.1,5.0,0,30.900000000000006,0.30725281730998133,Medium
T0152,Testing task 152,Testing,Low,4,7,100.0,0.0,3,3,54.0,10.0,1,-100.0,0.4246890756971702,High
T0153,Testing task 153,Testing,Low,13,9,49.9,30.8,5,3,59.1,6.4,0,-19.099999999999998,0.20082430017474084,Low
T0154,Testing task 154,Testing,Medium,5,19,64.4,0.0,5,2,69.0,0.7,1,-64.4,0.07594909984455245,Low
T0155,Testing task 155,Testing,Low,7,3,17.9,57.1,1,0,96.9,0.0,0,39.2,0.20957549778105075,Medium
T0156,Design task 156,Design,Low,10,9,84.8,10.0,2,1,100.0,6.8,1,-74.8,0.11657667140890353,Low
T0157,Presentation task 157,Presentation,Medium,2,5,36.0,0.0,1,0,79.0,4.8,0,-36.0,0.13087434169112422,Low
T0158,Development task 158,Development,Medium,8,1,41.0,87.5,0,0,62.5,7.9,0,46.5,0.4583454599377007,High
T0159,Testing task 159,Testing,Low,8,0,54.4,100.0,5,3,100.0,2.8,0,45.6,0.4325617401696567,High
T0160,Documentation task 160,Documentation,Medium,11,6,15.9,45.5,5,4,61.4,5.9,2,29.6,0.45356029619827126,High
T0161,Testing task 161,Testing,Low,14,-1,60.7,100.0,5,1,58.6,7.1,1,39.3,0.451590475766106,High
T0162,Testing task 162,Testing,High,10,-1,79.2,100.0,5,1,34.5,3.9,1,20.799999999999997,0.45214537250982273,High
T0163,Research task 163,Research,Low,6,6,62.3,0.0,3,0,97.9,3.9,0,-62.3,0.0,Low
T0164,Design task 164,Design,Low,6,2,15.3,66.7,3,0,89.4,5.1,1,51.400000000000006,0.2957498828626349,Medium
T0165,Development task 165,Development,Medium,6,10,51.9,0.0,5,0,100.0,6.4,0,-51.9,0.13842459245383007,Low
T0166,Development task 166,Development,Low,12,-2,73.6,100.0,3,0,42.2,5.0,0,26.400000000000006,0.3072356496079022,Medium
T0167,Presentation task 167,Presentation,Low,5,4,8.1,20.0,3,2,99.2,7.4,1,11.9,0.3425055820970184,High
T0168,Presentation task 168,Presentation,Low,3,8,28.1,0.0,1,0,71.4,3.8,0,-28.1,0.09793229698449035,Low
T0169,Documentation task 169,Documentation,Medium,5,20,76.9,0.0,4,3,86.1,1.7,1,-76.9,0.18960385968354654,Low
T0170,Development task 170,Development,Medium,1,12,61.8,0.0,4,4,37.0,9.9,1,-61.8,0.4059329334543698,High
T0171,Research task 171,Research,Medium,2,18,65.3,0.0,4,3,99.4,3.5,2,-65.3,0.18060778539293026,Low
T0172,Documentation task 172,Documentation,High,2,5,100.0,0.0,2,1,85.7,3.6,1,-100.0,0.13142783517595075,Low
T0173,Presentation task 173,Presentation,Medium,11,8,66.7,27.3,1,0,69.2,4.8,2,-39.400000000000006,0.16509164817517213,Low
T0174,Development task 174,Development,High,11,7,71.4,36.4,0,0,82.9,5.2,2,-35.00000000000001,0.09825508504218997,Low
T0175,Documentation task 175,Documentation,Medium,10,18,100.0,0.0,3,3,54.7,4.0,0,-100.0,0.3256102441745644,Medium
T0176,Presentation task 176,Presentation,High,7,20,49.7,0.0,4,1,58.4,5.0,2,-49.7,0.2433946295634745,Medium
T0177,Testing task 177,Testing,Medium,11,20,35.1,0.0,4,2,60.7,4.9,0,-35.1,0.26742082204849205,Medium
T0178,Design task 178,Design,Medium,3,15,65.7,0.0,5,2,32.9,5.4,0,-65.7,0.19187044886701676,Low
T0179,Research task 179,Research,Low,13,9,66.0,30.8,2,2,87.2,0.0,2,-35.2,0.10089283932734446,Low
T0180,Documentation task 180,Documentation,Medium,8,10,41.8,0.0,4,2,93.8,9.7,0,-41.8,0.23459071221841182,Medium
T0181,Testing task 181,Testing,Low,14,20,29.2,0.0,4,3,56.0,4.6,0,-29.2,0.39994003067797607,High
T0182,Research task 182,Research,Medium,3,4,100.0,0.0,1,1,77.0,6.5,0,-100.0,0.30531043890472853,Medium
T0183,Research task 183,Research,Low,7,5,63.2,28.6,5,2,64.7,1.6,1,-34.6,0.13256101790799768,Low
T0184,Presentation task 184,Presentation,Low,10,18,36.7,0.0,0,0,76.6,3.8,0,-36.7,0.11332560672156707,Low
T0185,Design task 185,Design,High,7,6,77.9,14.3,3,3,57.4,3.3,0,-63.60000000000001,0.2997793453721842,Medium
T0186,Design task 186,Design,Medium,7,3,52.3,57.1,5,1,52.3,8.7,0,4.800000000000004,0.20376392129669024,Medium
T0187,Testing task 187,Testing,Medium,3,10,48.7,0.0,3,3,91.0,3.5,1,-48.7,0.3011479601183969,Medium
T0188,Development task 188,Development,Medium,6,5,69.1,16.7,5,1,68.7,6.9,0,-52.39999999999999,0.17541212699228628,Low
T0189,Presentation task 189,Presentation,Medium,4,18,22.7,0.0,0,0,100.0,3.4,0,-22.7,0.04646595776960698,Low
T0190,Documentation task 190,Documentation,High,5,18,63.8,0.0,3,3,70.9,3.9,2,-63.8,0.2866725663050261,Medium
T0191,Development task 191,Development,Medium,10,5,100.0,50.0,4,1,51.5,4.4,1,-50.0,0.2526436736320614,Medium
T0192,Design task 192,Design,Medium,9,10,66.7,0.0,3,3,94.5,8.2,1,-66.7,0.26015755875659624,Medium
T0193,Presentation task 193,Presentation,Medium,9,20,45.6,0.0,5,0,82.6,0.3,2,-45.6,0.0,Low
T0194,Testing task 194,Testing,Medium,6,15,42.3,0.0,2,1,84.5,1.7,0,-42.3,0.1315644313116689,Low
T0195,Presentation task 195,Presentation,Medium,14,2,44.7,85.7,4,4,93.8,0.1,0,41.0,0.2421170956913436,Medium
T0196,Development task 196,Development,High,2,11,48.7,0.0,2,0,56.9,2.3,0,-48.7,0.08409482024322298,Low
T0197,Research task 197,Research,Medium,5,12,45.6,0.0,5,1,67.5,3.0,0,-45.6,0.18642704782627423,Low
T0198,Presentation task 198,Presentation,Medium,2,13,77.9,0.0,0,0,66.6,1.0,0,-77.9,0.09405469517543694,Low
T0199,Design task 199,Design,Medium,5,-2,11.7,100.0,1,0,44.2,3.2,1,88.3,0.5795344699529305,High
T0200,Presentation task 200,Presentation,Medium,14,4,76.6,71.4,0,0,64.7,0.0,1,-5.199999999999989,0.11063423492680811,Low
T0201,Documentation task 201,Documentation,High,6,17,45.5,0.0,4,1,96.7,2.5,0,-45.5,0.2029667244391704,Medium
T0202,Design task 202,Design,Medium,13,3,64.4,76.9,1,0,74.7,8.0,0,12.5,0.19228801861715925,Low
T0203,Documentation task 203,Documentation,Medium,7,4,26.8,42.9,1,1,43.1,6.0,1,16.099999999999998,0.3782732505170828,High
T0204,Research task 204,Research,Medium,10,5,88.2,50.0,5,1,38.9,5.5,0,-38.2,0.18557730977270084,Low
T0205,Development task 205,Development,Medium,7,2,86.1,71.4,2,0,100.0,2.5,1,-14.699999999999989,0.1320067301624102,Low
T0206,Development task 206,Development,Low,4,1,79.0,75.0,0,0,68.2,1.2,1,-4.0,0.11928792286414186,Low
T0207,Testing task 207,Testing,Medium,11,5,17.1,54.5,0,0,57.1,2.2,0,37.4,0.31419224397220225,Medium
T0208,Testing task 208,Testing,High,14,18,75.7,0.0,1,0,64.5,4.9,1,-75.7,0.11687586889656784,Low
T0209,Testing task 209,Testing,Medium,4,-2,65.1,100.0,5,5,40.5,7.2,1,34.900000000000006,0.6430896596191826,High
T0210,Development task 210,Development,Low,11,4,14.9,63.6,3,3,98.5,7.3,0,48.7,0.47185697652719855,High
T0211,Documentation task 211,Documentation,Medium,4,-1,54.4,100.0,5,1,62.1,6.6,2,45.6,0.44049361321231756,High
T0212,Research task 212,Research,Medium,11,10,64.1,9.1,1,0,97.3,3.2,1,-54.99999999999999,0.0958387835596629,Low
T0213,Documentation task 213,Documentation,Low,12,3,68.9,75.0,2,0,71.0,5.1,0,6.099999999999994,0.1744132193764596,Low
T0214,Research task 214,Research,Medium,7,16,59.4,0.0,0,0,98.6,4.2,0,-59.4,0.08289773401259051,Low
T0215,Research task 215,Research,Medium,11,11,62.3,0.0,2,2,75.1,4.5,1,-62.3,0.2445064463452805,Medium
T0216,Documentation task 216,Documentation,High,4,16,91.8,0.0,3,2,87.1,10.0,1,-91.8,0.2509372412889171,Medium
T0217,Research task 217,Research,Low,2,12,85.7,0.0,4,3,84.4,0.6,0,-85.7,0.13564644400187345,Low
T0218,Documentation task 218,Documentation,Low,2,8,0.0,0.0,2,0,82.5,4.4,1,0.0,0.02475941776925554,Low
T0219,Research task 219,Research,Medium,7,17,47.1,0.0,4,3,77.0,8.0,0,-47.1,0.31659741662663127,Medium
T0220,Research task 220,Research,Low,13,8,50.9,38.5,3,0,65.3,1.3,1,-12.399999999999999,0.026458468057892662,Low
T0221,Presentation task 221,Presentation,Medium,2,19,11.2,0.0,1,1,100.0,3.4,0,-11.2,0.14011764723821502,Low
T0222,Design task 222,Design,High,7,20,57.4,0.0,5,3,51.9,3.7,2,-57.4,0.293385585407385,Medium
T0223,Presentation task 223,Presentation,Low,10,11,86.2,0.0,2,0,70.1,4.4,1,-86.2,0.16948650252166222,Low
T0224,Development task 224,Development,Medium,3,13,27.8,0.0,0,0,70.3,1.0,0,-27.8,0.0,Low
T0225,Documentation task 225,Documentation,High,11,3,63.4,72.7,5,4,78.0,6.5,1,9.300000000000004,0.3284575962387461,Medium
T0226,Presentation task 226,Presentation,Medium,5,16,32.1,0.0,5,3,61.4,6.7,1,-32.1,0.2980539016391078,Medium
T0227,Research task 227,Research,Medium,12,13,38.2,0.0,0,0,76.3,6.3,0,-38.2,0.13265080546311633,Low
T0228,Design task 228,Design,Medium,9,18,91.9,0.0,5,2,66.6,2.8,0,-91.9,0.2259704145503439,Medium
T0229,Testing task 229,Testing,Low,8,4,41.4,50.0,5,1,38.4,5.2,0,8.600000000000001,0.20274298833760324,Medium
T0230,Presentation task 230,Presentation,Low,3,16,66.6,0.0,4,0,70.2,2.8,0,-66.6,0.0,Low
T0231,Design task 231,Design,Medium,7,8,8.2,0.0,1,1,48.0,4.2,1,-8.2,0.2981829675050927,Medium
T0232,Design task 232,Design,Medium,12,2,100.0,83.3,3,1,35.3,10.0,0,-16.700000000000003,0.3001956940190757,Medium
T0233,Development task 233,Development,Low,1,1,70.1,0.0,3,1,72.7,5.2,0,-70.1,0.1210229701207001,Low
T0234,Design task 234,Design,Low,11,10,50.4,9.1,3,2,79.8,2.0,1,-41.3,0.169041047138343,Low
T0235,Design task 235,Design,High,7,5,69.4,28.6,3,1,80.5,5.5,0,-40.800000000000004,0.22327789879658508,Medium
T0236,Research task 236,Research,Low,11,0,19.8,100.0,3,1,81.3,1.6,0,80.2,0.3695873691093651,High
T0237,Documentation task 237,Documentation,Medium,10,7,84.6,30.0,3,2,31.3,2.0,1,-54.599999999999994,0.36651646436403007,High
T0238,Documentation task 238,Documentation,Medium,7,13,46.9,0.0,4,2,42.8,2.4,2,-46.9,0.19323925360650024,Low
T0239,Research task 239,Research,Medium,5,5,49.9,0.0,3,2,100.0,3.9,0,-49.9,0.1628505427062875,Low
T0240,Testing task 240,Testing,Low,9,19,42.7,0.0,0,0,49.1,7.3,0,-42.7,0.12489337910761959,Low
T0241,Testing task 241,Testing,Low,2,15,40.5,0.0,0,0,82.2,6.4,0,-40.5,0.1247805174348007,Low
T0242,Testing task 242,Testing,Medium,9,9,72.4,0.0,5,0,56.3,6.3,0,-72.4,0.15336260891206618,Low
T0243,Presentation task 243,Presentation,Medium,2,19,61.4,0.0,5,2,71.6,2.3,1,-61.4,0.08595863821677899,Low
T0244,Testing task 244,Testing,Low,10,7,71.3,30.0,3,1,57.3,3.6,0,-41.3,0.3093413484475455,Medium
T0245,Documentation task 245,Documentation,Medium,9,1,54.8,88.9,1,1,81.2,5.7,0,34.10000000000001,0.34828314154906537,High
T0246,Research task 246,Research,Medium,2,-2,67.8,100.0,4,0,72.7,3.4,1,32.2,0.2665935388013652,Medium
T0247,Research task 247,Research,Low,11,19,44.5,0.0,0,0,61.0,4.3,1,-44.5,0.1881184606343494,Low
T0248,Testing task 248,Testing,Medium,6,20,100.0,0.0,2,0,49.0,6.1,0,-100.0,0.2587127441674234,Medium
T0249,Presentation task 249,Presentation,Low,12,15,15.8,0.0,1,1,75.4,4.1,2,-15.8,0.28805517673354847,Medium
T0250,Development task 250,Development,Medium,1,0,86.5,100.0,0,0,45.7,5.6,0,13.5,0.20264099384867068,Medium
T0251,Testing task 251,Testing,Low,3,4,89.2,0.0,4,3,78.5,9.0,0,-89.2,0.30794545047473315,Medium
T0252,Design task 252,Design,Medium,7,-2,33.7,100.0,3,3,100.0,4.6,2,66.3,0.4603147092140836,High
T0253,Development task 253,Development,Medium,3,-1,100.0,100.0,1,0,97.0,7.9,0,0.0,0.22808525406611782,Medium
T0254,Documentation task 254,Documentation,Medium,5,3,79.9,40.0,3,3,84.4,6.4,0,-39.900000000000006,0.20764059307347688,Medium
T0255,Testing task 255,Testing,Medium,10,11,79.3,0.0,0,0,68.3,1.3,0,-79.3,0.026889933819538157,Low
T0256,Research task 256,Research,High,3,-1,55.7,100.0,2,0,31.2,2.2,1,44.3,0.36775659146510115,High
T0257,Presentation task 257,Presentation,Medium,10,20,49.6,0.0,3,2,43.6,2.9,0,-49.6,0.25035032805705065,Medium
T0258,Presentation task 258,Presentation,High,2,8,49.8,0.0,2,0,95.7,2.9,0,-49.8,0.03690326883023403,Low
T0259,Development task 259,Development,Low,3,4,64.8,0.0,4,4,54.2,4.8,1,-64.8,0.4033208505033108,High
T0260,Development task 260,Development,Medium,9,9,90.0,0.0,1,0,56.0,6.5,0,-90.0,0.19966197910961395,Low
T0261,Testing task 261,Testing,Low,12,16,59.5,0.0,0,0,66.7,8.1,1,-59.5,0.2203529043698771,Medium
T0262,Documentation task 262,Documentation,Medium,3,5,32.2,0.0,3,3,48.8,5.8,2,-32.2,0.2856632882341001,Medium
T0263,Development task 263,Development,Medium,5,-1,75.6,100.0,5,1,45.5,3.9,2,24.400000000000006,0.4372850615439368,High
T0264,Research task 264,Research,High,13,-1,78.0,100.0,2,2,69.0,0.0,1,22.0,0.29334674278607437,Medium
T0265,Research task 265,Research,Medium,14,17,71.4,0.0,0,0,52.2,5.2,0,-71.4,0.2365771216493547,Medium
T0266,Documentation task 266,Documentation,Medium,9,0,73.6,100.0,5,2,55.2,5.1,0,26.400000000000006,0.4538764195129452,High
T0267,Documentation task 267,Documentation,Low,7,12,48.2,0.0,2,0,54.4,5.5,0,-48.2,0.17653282661818873,Low
T0268,Documentation task 268,Documentation,Low,5,6,31.8,0.0,1,0,80.4,10.0,1,-31.8,0.2476673215506377,Medium
T0269,Research task 269,Research,High,9,15,33.3,0.0,3,2,65.4,8.1,1,-33.3,0.1359206785138232,Low
T0270,Design task 270,Design,Low,9,-1,14.1,100.0,1,0,66.4,7.0,0,85.9,0.5062998792254811,High
T0271,Development task 271,Development,Low,5,18,60.9,0.0,5,1,81.9,2.6,0,-60.9,0.1545916153293103,Low
T0272,Design task 272,Design,High,1,14,52.9,0.0,1,1,67.2,3.7,0,-52.9,0.25092551341570424,Medium
T0273,Development task 273,Development,High,3,8,44.0,0.0,3,1,64.4,4.8,2,-44.0,0.14774716642833946,Low
T0274,Testing task 274,Testing,Medium,14,2,0.0,85.7,3,0,79.4,3.1,2,85.7,0.4259972313399396,High
T0275,Design task 275,Design,Medium,6,20,23.8,0.0,1,1,83.4,6.3,0,-23.8,0.09258172473994264,Low
T0276,Research task 276,Research,High,7,4,83.0,42.9,2,2,67.1,5.9,0,-40.1,0.301832975341971,Medium
T0277,Development task 277,Development,Low,7,9,38.4,0.0,0,0,71.6,2.3,1,-38.4,0.0,Low
T0278,Documentation task 278,Documentation,Medium,11,7,64.0,36.4,3,2,54.4,8.0,0,-27.6,0.3449238921393786,High
T0279,Testing task 279,Testing,Medium,1,3,20.2,0.0,4,4,52.8,5.3,1,-20.2,0.40610290970253715,High
T0280,Design task 280,Design,High,2,7,91.0,0.0,5,0,85.4,0.7,1,-91.0,0.025348325946341715,Low
T0281,Design task 281,Design,High,4,1,51.4,75.0,1,0,78.9,4.9,1,23.6,0.2704804631893711,Medium
T0282,Testing task 282,Testing,Medium,7,-2,62.3,100.0,1,0,79.1,5.7,0,37.7,0.3079450637969746,Medium
T0283,Design task 283,Design,Low,10,4,100.0,60.0,3,3,75.6,7.4,1,-40.0,0.33636208641741,High
T0284,Presentation task 284,Presentation,Medium,7,0,92.9,100.0,4,2,70.9,4.2,2,7.099999999999994,0.23747036217117584,Medium
T0285,Presentation task 285,Presentation,Low,7,7,47.3,0.0,5,0,83.9,7.1,0,-47.3,0.16177463116199545,Low
T0286,Research task 286,Research,High,14,17,40.2,0.0,0,0,88.7,5.5,2,-40.2,0.05072407182211251,Low
T0287,Presentation task 287,Presentation,Low,3,1,46.9,66.7,1,1,88.2,1.7,0,19.800000000000004,0.1610034918835309,Low
T0288,Research task 288,Research,Low,9,-2,67.7,100.0,1,0,68.0,1.5,1,32.3,0.264120250833317,Medium
T0289,Development task 289,Development,Medium,8,0,52.4,100.0,1,0,97.7,7.8,1,47.6,0.3431545026861027,High
T0290,Documentation task 290,Documentation,Medium,7,9,45.1,0.0,2,2,74.6,8.0,0,-45.1,0.30504841986092085,Medium
T0291,Design task 291,Design,High,12,4,91.7,66.7,5,3,82.6,5.8,2,-25.0,0.2239579588215169,Medium
T0292,Design task 292,Design,Low,4,9,52.1,0.0,0,0,75.6,8.7,1,-52.1,0.2780512499559461,Medium
T0293,Research task 293,Research,High,14,-2,100.0,100.0,4,3,74.9,7.6,0,0.0,0.349680249468972,High
T0294,Documentation task 294,Documentation,Low,5,5,57.3,0.0,3,2,55.3,6.7,0,-57.3,0.2791940889258113,Medium
T0295,Research task 295,Research,Low,8,7,99.6,12.5,3,3,84.0,2.7,0,-87.1,0.22436169387035232,Medium
T0296,Development task 296,Development,Medium,8,7,63.9,12.5,4,2,100.0,9.3,0,-51.4,0.26964549344740396,Medium
T0297,Development task 297,Development,Low,12,10,79.1,16.7,0,0,62.5,6.3,0,-62.39999999999999,0.1795508707242232,Low
T0298,Presentation task 298,Presentation,Medium,7,15,36.9,0.0,4,0,71.4,4.0,0,-36.9,0.12500089498541395,Low
T0299,Presentation task 299,Presentation,Low,4,8,33.7,0.0,1,0,61.1,3.3,2,-33.7,0.17798253857661286,Low
T0300,Documentation task 300,Documentation,Low,1,17,66.5,0.0,3,3,60.2,5.6,0,-66.5,0.20246926814764044,Medium
T0301,Documentation task 301,Documentation,Medium,6,10,79.7,0.0,4,0,100.0,0.8,1,-79.7,0.0,Low
T0302,Testing task 302,Testing,Low,12,3,56.0,75.0,3,1,56.5,6.7,1,19.0,0.3151137294015945,Medium
T0303,Development task 303,Development,Medium,1,3,22.8,0.0,1,0,60.5,2.6,0,-22.8,0.1083663058659049,Low
T0304,Research task 304,Research,Medium,13,5,21.0,61.5,2,0,38.3,5.9,0,40.5,0.3517904922024104,High
T0305,Presentation task 305,Presentation,Low,8,11,19.3,0.0,2,1,54.8,3.7,2,-19.3,0.22430084510917528,Medium
T0306,Development task 306,Development,High,2,3,10.8,0.0,0,0,35.8,4.3,2,-10.8,0.24322658005604386,Medium
T0307,Development task 307,Development,Low,5,19,57.7,0.0,4,0,82.6,3.1,1,-57.7,0.02698690318860237,Low
T0308,Research task 308,Research,Medium,8,9,83.1,0.0,0,0,100.0,4.6,0,-83.1,0.06846277147956525,Low
T0309,Design task 309,Design,Low,5,17,54.7,0.0,2,1,62.7,9.7,0,-54.7,0.20106382976877746,Low
T0310,Testing task 310,Testing,High,2,13,0.0,0.0,3,3,36.7,8.5,2,0.0,0.42512623005190336,High
T0311,Development task 311,Development,Medium,10,5,50.2,50.0,0,0,88.0,5.9,0,-0.20000000000000284,0.012585747881833975,Low
T0312,Testing task 312,Testing,Medium,10,3,50.9,70.0,5,0,55.5,4.9,0,19.1,0.244515504927044,Medium
T0313,Design task 313,Design,High,2,15,100.0,0.0,2,0,96.0,7.1,2,-100.0,0.07238336428847773,Low
T0314,Research task 314,Research,Medium,4,5,18.6,0.0,0,0,64.4,7.8,0,-18.6,0.1512236103389102,Low
T0315,Presentation task 315,Presentation,High,4,3,45.2,25.0,3,1,57.4,2.9,1,-20.200000000000003,0.2388130512391291,Medium
T0316,Development task 316,Development,Medium,10,19,97.6,0.0,3,3,66.4,4.8,0,-97.6,0.2837689994299209,Medium
T0317,Development task 317,Development,High,11,9,66.2,18.2,3,1,85.2,0.4,0,-48.0,0.0,Low
T0318,Design task 318,Design,High,11,-1,69.1,100.0,4,3,65.5,7.8,0,30.900000000000006,0.42328030776529885,High
T0319,Testing task 319,Testing,High,14,9,57.9,35.7,2,0,60.1,10.0,0,-22.199999999999996,0.13478107372615988,Low
T0320,Testing task 320,Testing,Low,11,8,63.2,27.3,4,3,66.0,5.2,1,-35.900000000000006,0.180928741686407,Low
T0321,Development task 321,Development,High,5,17,74.4,0.0,2,0,44.6,0.0,0,-74.4,0.08898315880669873,Low
T0322,Presentation task 322,Presentation,High,2,14,34.8,0.0,3,2,77.9,6.5,2,-34.8,0.2919982505113385,Medium
T0323,Presentation task 323,Presentation,Medium,9,2,77.0,77.8,0,0,34.3,2.7,0,0.7999999999999972,0.1938802960357845,Low
T0324,Design task 324,Design,Low,13,1,20.7,92.3,3,0,61.1,3.3,1,71.6,0.4452480074106542,High
T0325,Testing task 325,Testing,High,14,11,63.2,21.4,1,1,85.2,6.6,1,-41.800000000000004,0.23727112412237575,Medium
T0326,Presentation task 326,Presentation,Low,4,-1,59.5,100.0,4,1,76.1,5.6,0,40.5,0.34793048906250157,High
T0327,Development task 327,Development,Medium,4,5,39.6,0.0,4,0,81.8,3.8,0,-39.6,0.03064653364688428,Low
T0328,Research task 328,Research,Medium,1,1,54.4,0.0,5,2,68.7,3.4,1,-54.4,0.19927934974580838,Low
T0329,Research task 329,Research,Low,2,-2,39.4,100.0,5,0,93.4,5.3,0,60.6,0.30543258073369145,Medium
T0330,Documentation task 330,Documentation,Medium,8,19,28.2,0.0,0,0,88.5,4.0,0,-28.2,0.03499172364365403,Low
T0331,Presentation task 331,Presentation,Low,8,0,46.2,100.0,0,0,78.9,2.2,1,53.8,0.3240630101885687,Medium
T0332,Research task 332,Research,Medium,6,-2,27.4,100.0,5,0,88.6,4.2,1,72.6,0.41497636228962054,High
T0333,Testing task 333,Testing,High,5,19,63.1,0.0,2,1,85.0,5.8,0,-63.1,0.32940306856140544,Medium
T0334,Development task 334,Development,Medium,12,2,26.2,83.3,0,0,61.2,4.6,2,57.099999999999994,0.32309355345808294,Medium
T0335,Design task 335,Design,Medium,7,16,72.8,0.0,1,0,43.1,1.5,0,-72.8,0.10159506395841089,Low
T0336,Testing task 336,Testing,Low,12,-2,25.5,100.0,5,2,78.4,7.5,0,74.5,0.47113006110648037,High
T0337,Presentation task 337,Presentation,High,14,1,40.8,92.9,2,2,80.9,0.0,0,52.10000000000001,0.3649440395348359,High
T0338,Design task 338,Design,High,5,0,39.4,100.0,0,0,91.8,3.9,0,60.6,0.31554534089424074,Medium
T0339,Research task 339,Research,Low,3,14,88.1,0.0,4,0,51.3,3.4,2,-88.1,0.19962733464499022,Low
T0340,Development task 340,Development,Medium,14,12,63.3,14.3,1,0,51.9,5.4,0,-49.0,0.13066667303910395,Low
T0341,Design task 341,Design,Medium,9,8,49.7,11.1,2,0,79.2,6.4,0,-38.6,0.11763401999719203,Low
T0342,Documentation task 342,Documentation,Medium,5,3,67.5,40.0,0,0,68.6,7.8,0,-27.5,0.162584101876389,Low
T0343,Testing task 343,Testing,Medium,9,0,2.3,100.0,3,1,32.3,3.2,0,97.7,0.5214474127971396,High
T0344,Research task 344,Research,Medium,8,11,53.9,0.0,2,0,77.5,6.5,2,-53.9,0.13197821474367796,Low
T0345,Development task 345,Development,Medium,13,3,100.0,76.9,5,0,33.0,5.5,1,-23.099999999999994,0.2005698309124758,Low
T0346,Documentation task 346,Documentation,Low,4,11,58.3,0.0,2,0,51.1,0.7,1,-58.3,0.10420796083698589,Low
T0347,Development task 347,Development,Medium,14,13,56.7,7.1,1,1,97.0,9.8,0,-49.6,0.2794473643612413,Medium
T0348,Testing task 348,Testing,High,14,17,68.7,0.0,0,0,100.0,1.4,1,-68.7,0.02593684118111521,Low
T0349,Design task 349,Design,Low,3,9,77.4,0.0,1,0,45.7,6.0,1,-77.4,0.1755078534675993,Low
T0350,Design task 350,Design,Medium,3,-2,5.1,100.0,2,2,63.4,6.0,2,94.9,0.6276760087423139,High
T0351,Research task 351,Research,Low,8,4,12.9,50.0,0,0,70.9,5.7,0,37.1,0.2959867258628176,Medium
T0352,Research task 352,Research,High,1,17,60.3,0.0,2,2,100.0,3.8,1,-60.3,0.17220510564249794,Low
T0353,Research task 353,Research,Medium,5,10,37.1,0.0,5,2,60.1,7.1,1,-37.1,0.2870394952448221,Medium
T0354,Testing task 354,Testing,Medium,7,12,87.8,0.0,4,1,60.5,1.1,0,-87.8,0.1815719973927098,Low
T0355,Research task 355,Research,Low,14,8,47.1,42.9,3,3,100.0,4.8,1,-4.200000000000003,0.22927091533201643,Medium
T0356,Testing task 356,Testing,Medium,14,1,6.6,92.9,5,5,62.5,3.6,1,86.30000000000001,0.5844677692950389,High
T0357,Presentation task 357,Presentation,High,3,18,23.3,0.0,4,0,84.4,3.3,0,-23.3,0.07206506934568507,Low
T0358,Documentation task 358,Documentation,Medium,13,15,0.0,0.0,3,3,40.5,6.1,0,0.0,0.34818509990093194,High
T0359,Testing task 359,Testing,Medium,2,20,49.1,0.0,5,5,66.6,7.7,3,-49.1,0.36649066660433066,High
T0360,Research task 360,Research,Medium,11,17,50.3,0.0,0,0,36.8,4.1,0,-50.3,0.1280980795310338,Low
T0361,Development task 361,Development,Medium,12,4,44.4,66.7,4,0,48.9,7.0,1,22.300000000000004,0.31454327720153735,Medium
T0362,Presentation task 362,Presentation,Medium,13,3,82.0,76.9,1,0,86.8,5.1,0,-5.099999999999994,0.14117891373470975,Low
T0363,Development task 363,Development,Medium,4,3,85.0,25.0,4,3,69.0,2.8,1,-60.0,0.22785218465030882,Medium
T0364,Documentation task 364,Documentation,Low,13,19,50.7,0.0,5,0,63.6,4.4,0,-50.7,0.0378966917369655,Low
T0365,Documentation task 365,Documentation,Medium,2,10,1.6,0.0,2,1,55.0,4.3,1,-1.6,0.23815224260230594,Medium
T0366,Design task 366,Design,High,8,8,70.4,0.0,0,0,65.6,3.3,0,-70.4,0.06273364032793118,Low
T0367,Research task 367,Research,High,7,20,68.9,0.0,2,0,76.0,6.1,1,-68.9,0.15488372043518212,Low
T0368,Research task 368,Research,High,5,11,62.7,0.0,2,2,89.7,5.6,0,-62.7,0.24034119491728517,Medium
T0369,Design task 369,Design,Medium,1,18,79.5,0.0,5,1,17.5,1.0,1,-79.5,0.0943026286478667,Low
T0370,Design task 370,Design,Low,11,20,25.9,0.0,5,0,53.4,0.9,0,-25.9,0.08745408422057865,Low
T0371,Testing task 371,Testing,Medium,5,-1,100.0,100.0,3,0,73.2,6.1,0,0.0,0.21742662626872275,Medium
T0372,Testing task 372,Testing,High,10,6,31.0,40.0,5,1,68.0,3.0,0,9.0,0.18969095409885767,Low
T0373,Development task 373,Development,Medium,6,14,73.7,0.0,2,1,78.1,5.8,0,-73.7,0.1923849542214823,Low
T0374,Documentation task 374,Documentation,Medium,6,16,12.8,0.0,2,0,75.4,7.0,0,-12.8,0.04304069780252048,Low
T0375,Documentation task 375,Documentation,Medium,13,1,31.7,92.3,5,4,63.9,1.8,1,60.599999999999994,0.5471040531093319,High
T0376,Documentation task 376,Documentation,High,2,5,92.9,0.0,4,3,59.5,1.5,2,-92.9,0.25713446671046236,Medium
T0377,Presentation task 377,Presentation,High,11,10,48.5,9.1,3,1,65.1,9.2,0,-39.4,0.18018403353147613,Low
T0378,Development task 378,Development,High,11,16,76.0,0.0,2,2,93.0,5.9,0,-76.0,0.19294518132541966,Low
T0379,Documentation task 379,Documentation,Medium,6,0,60.9,100.0,4,3,55.4,4.0,1,39.1,0.4619778771313927,High
T0380,Development task 380,Development,Low,4,11,52.4,0.0,4,3,68.7,2.7,0,-52.4,0.24143920966491278,Medium
T0381,Design task 381,Design,Medium,1,4,89.1,0.0,2,0,73.7,3.7,0,-89.1,0.08055185718261493,Low
T0382,Research task 382,Research,Medium,14,2,49.1,85.7,0,0,100.0,2.0,0,36.6,0.22937627036895375,Medium
T0383,Research task 383,Research,High,14,9,10.5,35.7,0,0,64.0,7.2,2,25.200000000000003,0.19389499187832443,Low
T0384,Presentation task 384,Presentation,Medium,4,7,34.9,0.0,0,0,89.2,3.1,1,-34.9,0.02724371611197729,Low
T0385,Design task 385,Design,Medium,1,12,68.8,0.0,2,2,94.6,7.7,0,-68.8,0.15371513284122923,Low
T0386,Presentation task 386,Presentation,Medium,2,5,64.9,0.0,3,2,68.7,4.0,0,-64.9,0.16207974285651533,Low
T0387,Documentation task 387,Documentation,Medium,1,16,15.8,0.0,4,4,65.8,2.4,1,-15.8,0.3393705258938715,High
T0388,Development task 388,Development,Medium,12,-1,36.9,100.0,1,0,63.4,3.9,0,63.1,0.4971401117292701,High
T0389,Presentation task 389,Presentation,Low,13,17,40.5,0.0,4,3,64.9,0.0,0,-40.5,0.18437952341152214,Low
T0390,Presentation task 390,Presentation,High,3,-2,45.9,100.0,3,1,87.1,4.7,3,54.1,0.41727853963657224,High
T0391,Presentation task 391,Presentation,Medium,11,14,20.6,0.0,0,0,74.6,4.6,0,-20.6,0.09601800495745283,Low
T0392,Development task 392,Development,Medium,3,5,39.3,0.0,2,0,74.7,7.1,1,-39.3,0.18478366120831777,Low
T0393,Design task 393,Design,Low,6,6,36.8,0.0,1,0,47.5,0.3,2,-36.8,0.03843429075137922,Low
T0394,Research task 394,Research,Medium,9,-2,74.3,100.0,5,5,50.7,7.9,2,25.700000000000003,0.5237750412009398,High
T0395,Presentation task 395,Presentation,Medium,11,14,75.2,0.0,5,4,100.0,7.1,1,-75.2,0.32824465372251244,Medium
T0396,Presentation task 396,Presentation,High,13,1,51.4,92.3,4,1,66.4,8.1,1,40.9,0.35943116320024854,High
T0397,Testing task 397,Testing,Low,1,13,45.2,0.0,3,2,54.5,4.9,0,-45.2,0.20429875503692288,Medium
T0398,Research task 398,Research,High,3,14,58.5,0.0,2,0,98.6,7.5,3,-58.5,0.16525968279907202,Low
T0399,Documentation task 399,Documentation,Medium,4,17,34.6,0.0,1,0,75.6,1.3,0,-34.6,0.07025711297523547,Low
T0400,Design task 400,Design,Low,5,14,26.3,0.0,4,2,81.6,6.8,0,-26.3,0.1783497976900264,Low
T0401,Testing task 401,Testing,Low,14,4,31.5,71.4,0,0,67.2,3.1,2,39.900000000000006,0.2825315524959311,Medium
T0402,Testing task 402,Testing,Low,11,14,39.1,0.0,1,1,63.6,0.9,0,-39.1,0.198496976686972,Low
T0403,Research task 403,Research,High,5,16,25.9,0.0,0,0,66.6,2.2,1,-25.9,0.19783925785484904,Low
T0404,Research task 404,Research,Low,14,5,59.1,64.3,2,2,42.3,5.0,0,5.199999999999996,0.30677111436159427,Medium
T0405,Research task 405,Research,Medium,7,0,73.2,100.0,1,1,68.2,2.9,2,26.799999999999997,0.36626846756630516,High
T0406,Presentation task 406,Presentation,Medium,8,18,15.3,0.0,1,0,75.9,5.9,0,-15.3,0.20102261729897555,Low
T0407,Presentation task 407,Presentation,High,7,1,55.6,85.7,2,2,100.0,0.5,2,30.1,0.2920583737517619,Medium
T0408,Development task 408,Development,Medium,3,11,49.5,0.0,5,2,71.7,0.0,1,-49.5,0.05956568169522429,Low
T0409,Development task 409,Development,High,14,3,63.5,78.6,3,3,23.3,8.4,2,15.099999999999994,0.5097457821162815,High
T0410,Development task 410,Development,Low,1,0,54.7,100.0,4,0,68.1,7.3,1,45.3,0.4363754179210624,High
T0411,Development task 411,Development,High,3,15,18.7,0.0,5,0,100.0,2.4,0,-18.7,0.054052356759984266,Low
T0412,Testing task 412,Testing,Low,4,1,23.4,75.0,5,0,87.3,5.0,0,51.6,0.3097992171226377,Medium
T0413,Development task 413,Development,Low,4,13,55.7,0.0,2,2,53.8,7.5,1,-55.7,0.25938033134325805,Medium
T0414,Testing task 414,Testing,High,2,13,80.7,0.0,5,0,81.8,6.0,0,-80.7,0.11438153773658134,Low
T0415,Development task 415,Development,Low,1,-1,0.0,100.0,5,5,55.2,5.4,1,100.0,0.8031910796491502,High
T0416,Testing task 416,Testing,Low,10,1,63.6,90.0,5,4,42.9,7.7,2,26.4,0.4385108125897056,High
T0417,Presentation task 417,Presentation,Medium,14,16,84.7,0.0,2,0,63.0,3.2,0,-84.7,0.09126264130983644,Low
T0418,Design task 418,Design,Medium,2,9,51.2,0.0,1,1,71.8,5.1,1,-51.2,0.21609243005874862,Medium
T0419,Research task 419,Research,Low,5,0,68.8,100.0,3,0,32.6,5.0,0,31.200000000000003,0.30041477146811274,Medium
T0420,Testing task 420,Testing,Medium,8,20,37.4,0.0,5,0,47.0,4.3,3,-37.4,0.2063961502259503,Medium
T0421,Research task 421,Research,High,13,4,52.0,69.2,5,3,70.2,4.0,2,17.200000000000003,0.33039859539613375,Medium
T0422,Design task 422,Design,High,10,-2,14.5,100.0,3,1,61.8,5.2,2,85.5,0.6095246785730052,High
T0423,Documentation task 423,Documentation,Low,11,19,0.0,0.0,0,0,77.9,5.1,0,0.0,0.060809511819243746,Low
T0424,Development task 424,Development,Medium,9,-2,78.6,100.0,2,0,45.7,2.4,0,21.400000000000006,0.18005081528331585,Low
T0425,Testing task 425,Testing,High,6,10,30.4,0.0,4,0,84.3,7.0,0,-30.4,0.1416694218265364,Low
T0426,Documentation task 426,Documentation,Low,3,20,43.6,0.0,3,2,46.3,2.6,0,-43.6,0.1942540479258674,Low
T0427,Research task 427,Research,Low,13,11,20.3,15.4,2,0,100.0,4.5,0,-4.9,0.1594156189843393,Low
T0428,Development task 428,Development,Low,12,11,19.8,8.3,2,0,35.7,4.3,1,-11.5,0.271842151467414,Medium
T0429,Research task 429,Research,Medium,1,6,50.7,0.0,0,0,48.1,5.9,0,-50.7,0.265884489719802,Medium
T0430,Development task 430,Development,Low,11,0,36.8,100.0,1,1,78.3,0.0,0,63.2,0.35674445494826434,High
T0431,Design task 431,Design,Medium,2,11,64.4,0.0,4,2,100.0,7.2,0,-64.4,0.21646845433710468,Medium
T0432,Presentation task 432,Presentation,High,11,18,66.3,0.0,1,1,76.3,3.3,1,-66.3,0.24526429252924087,Medium
T0433,Design task 433,Design,Low,12,0,63.0,100.0,5,1,81.3,8.0,0,37.0,0.39880104501055347,High
T0434,Design task 434,Design,Medium,2,18,61.0,0.0,0,0,70.4,3.8,1,-61.0,0.10034676945697373,Low
T0435,Research task 435,Research,Low,7,7,94.4,0.0,3,2,49.5,4.9,0,-94.4,0.31320824514826634,Medium
T0436,Research task 436,Research,Low,2,10,28.3,0.0,2,2,60.2,9.8,1,-28.3,0.3567237493183262,High
T0437,Design task 437,Design,High,8,1,53.6,87.5,4,1,45.8,4.3,3,33.9,0.400855306246772,High
T0438,Design task 438,Design,Medium,13,12,83.3,7.7,5,1,44.4,8.1,2,-75.6,0.19467499407780944,Low
T0439,Documentation task 439,Documentation,High,2,2,86.6,0.0,3,2,78.0,5.1,1,-86.6,0.28840491514531613,Medium
T0440,Presentation task 440,Presentation,Medium,6,4,19.5,33.3,3,2,47.5,6.0,1,13.799999999999997,0.3306960809880461,Medium
T0441,Presentation task 441,Presentation,Low,14,14,47.2,0.0,4,0,76.4,5.2,0,-47.2,0.13663894310502625,Low
T0442,Presentation task 442,Presentation,Medium,5,-1,89.0,100.0,3,2,44.0,7.1,0,11.0,0.40075568499023095,High
T0443,Presentation task 443,Presentation,Low,2,8,67.7,0.0,1,0,75.9,3.3,1,-67.7,0.11136349549985519,Low
T0444,Development task 444,Development,High,7,11,59.9,0.0,2,1,60.2,2.5,0,-59.9,0.16158098804333249,Low
T0445,Development task 445,Development,Medium,8,1,49.6,87.5,1,1,98.1,3.4,0,37.9,0.3658299867330227,High
T0446,Testing task 446,Testing,Medium,10,4,45.4,60.0,2,1,76.5,5.2,1,14.600000000000001,0.24773870648908,Medium
T0447,Design task 447,Design,Medium,5,5,62.2,0.0,3,3,94.7,4.4,1,-62.2,0.1678567956940175,Low
T0448,Testing task 448,Testing,Medium,14,13,48.7,7.1,1,0,54.9,6.8,0,-41.6,0.19809778031869668,Low
T0449,Presentation task 449,Presentation,High,8,20,53.9,0.0,1,1,71.1,8.3,1,-53.9,0.24406639042108477,Medium
T0450,Design task 450,Design,Low,5,17,57.0,0.0,4,4,50.4,2.6,2,-57.0,0.24052024119922638,Medium
T0451,Documentation task 451,Documentation,Low,14,2,38.0,85.7,2,2,61.7,3.2,0,47.7,0.3846211666262034,High
T0452,Presentation task 452,Presentation,Low,13,-2,68.3,100.0,1,1,64.8,1.4,0,31.700000000000003,0.36891661896784606,High
T0453,Testing task 453,Testing,Medium,7,-1,100.0,100.0,4,3,55.5,10.0,1,0.0,0.40859072651192413,High
T0454,Development task 454,Development,Medium,1,11,10.6,0.0,4,2,45.7,5.8,1,-10.6,0.1584825151830243,Low
T0455,Design task 455,Design,Low,9,1,63.1,88.9,4,4,41.7,6.2,0,25.800000000000004,0.4515672028473666,High
T0456,Design task 456,Design,Medium,8,3,36.0,62.5,4,4,23.2,1.6,1,26.5,0.48707822791540495,High
T0457,Design task 457,Design,Medium,3,17,69.4,0.0,5,2,48.9,5.0,1,-69.4,0.21241854978666438,Medium
T0458,Documentation task 458,Documentation,Low,9,18,56.2,0.0,3,0,82.5,6.3,1,-56.2,0.12914283899528706,Low
T0459,Testing task 459,Testing,High,12,17,74.0,0.0,1,0,38.0,4.4,0,-74.0,0.21114957186635763,Medium
T0460,Design task 460,Design,Medium,2,3,84.4,0.0,5,1,42.6,7.7,2,-84.4,0.32804112957689346,Medium
T0461,Testing task 461,Testing,Medium,11,12,59.8,0.0,1,0,100.0,10.0,1,-59.8,0.2177542210492522,Medium
T0462,Documentation task 462,Documentation,Medium,2,12,83.3,0.0,1,0,57.3,2.6,1,-83.3,0.0,Low
T0463,Research task 463,Research,Medium,11,2,0.0,81.8,4,0,76.4,2.4,0,81.8,0.47437615192210547,High
T0464,Research task 464,Research,High,6,10,94.8,0.0,5,5,82.8,2.8,2,-94.8,0.29962002177139646,Medium
T0465,Presentation task 465,Presentation,Medium,1,10,64.4,0.0,2,0,83.3,9.0,0,-64.4,0.2831238207012075,Medium
T0466,Documentation task 466,Documentation,Medium,14,7,81.9,50.0,4,3,39.6,7.6,1,-31.900000000000006,0.30215036512795246,Medium
T0467,Testing task 467,Testing,High,3,15,24.5,0.0,5,2,65.4,4.7,0,-24.5,0.10089413638422114,Low
T0468,Presentation task 468,Presentation,High,9,13,34.2,0.0,4,0,37.6,5.1,0,-34.2,0.17046092283625883,Low
T0469,Testing task 469,Testing,High,3,10,58.6,0.0,0,0,100.0,3.0,0,-58.6,0.031231383512141952,Low
T0470,Testing task 470,Testing,Low,14,14,54.6,0.0,3,2,38.1,7.2,0,-54.6,0.3335331991807411,High
T0471,Design task 471,Design,Low,11,15,62.1,0.0,1,1,49.0,4.1,1,-62.1,0.30841308389598443,Medium
T0472,Documentation task 472,Documentation,Medium,12,11,82.1,8.3,5,4,49.2,4.3,0,-73.8,0.2696686260893585,Medium
T0473,Documentation task 473,Documentation,Medium,7,4,10.9,42.9,0,0,40.1,6.5,1,32.0,0.3139812643760304,Medium
T0474,Design task 474,Design,Medium,7,15,79.3,0.0,5,5,97.1,4.5,1,-79.3,0.28131932430913975,Medium
T0475,Documentation task 475,Documentation,High,9,14,55.2,0.0,1,1,100.0,4.4,1,-55.2,0.16985023338204178,Low
T0476,Documentation task 476,Documentation,Low,11,20,49.9,0.0,2,2,60.5,5.0,2,-49.9,0.2839175616218273,Medium
T0477,Research task 477,Research,Low,12,1,18.2,91.7,1,0,43.6,7.0,0,73.5,0.5387067469337643,High
T0478,Research task 478,Research,Medium,1,7,67.6,0.0,4,4,25.3,9.1,1,-67.6,0.48820555951184524,High
T0479,Testing task 479,Testing,Low,10,19,0.0,0.0,2,2,65.1,6.5,0,0.0,0.337381645526488,High
T0480,Testing task 480,Testing,Medium,2,9,71.2,0.0,4,1,63.7,7.0,1,-71.2,0.2077051810303904,Medium
T0481,Testing task 481,Testing,Medium,5,19,17.7,0.0,0,0,57.0,4.5,0,-17.7,0.02501055061234085,Low
T0482,Development task 482,Development,Medium,12,-2,56.3,100.0,2,1,74.4,3.2,1,43.7,0.3852730290136909,High
T0483,Presentation task 483,Presentation,Medium,4,-2,52.0,100.0,5,3,77.9,6.6,0,48.0,0.4322509993661476,High
T0484,Development task 484,Development,Medium,12,16,84.2,0.0,5,0,76.5,5.4,0,-84.2,0.10976374904947059,Low
T0485,Design task 485,Design,Medium,7,6,50.5,14.3,1,1,63.7,1.4,1,-36.2,0.1585621220307862,Low
T0486,Research task 486,Research,Low,4,9,37.6,0.0,2,0,48.0,4.2,2,-37.6,0.17329634056005325,Low
T0487,Presentation task 487,Presentation,Medium,5,7,42.3,0.0,2,0,83.3,4.8,2,-42.3,0.0784195518717551,Low
T0488,Documentation task 488,Documentation,Medium,8,7,86.8,12.5,3,1,70.3,3.7,1,-74.3,0.10268079483074774,Low
T0489,Development task 489,Development,Low,11,19,68.4,0.0,3,3,87.8,8.7,0,-68.4,0.3599345741285446,High
T0490,Design task 490,Design,Medium,9,0,45.4,100.0,0,0,85.8,6.2,0,54.6,0.3069171193316173,Medium
T0491,Research task 491,Research,High,14,15,49.1,0.0,4,1,41.6,8.4,1,-49.1,0.2702832479294843,Medium
T0492,Research task 492,Research,Low,13,18,15.8,0.0,1,1,41.3,5.7,1,-15.8,0.33794240899680844,High
T0493,Research task 493,Research,Medium,11,13,64.7,0.0,1,1,54.9,5.2,0,-64.7,0.29136520631147866,Medium
T0494,Testing task 494,Testing,High,9,7,11.0,22.2,5,0,48.9,2.7,0,11.2,0.19609241024576757,Low
T0495,Design task 495,Design,High,5,1,73.8,80.0,4,3,85.1,5.0,1,6.200000000000003,0.31085999239174344,Medium
T0496,Research task 496,Research,Medium,6,13,58.2,0.0,2,0,77.0,5.0,0,-58.2,0.14570016542684247,Low
T0497,Design task 497,Design,Medium,2,8,100.0,0.0,5,4,92.0,1.6,0,-100.0,0.23798773996364103,Medium
T0498,Documentation task 498,Documentation,High,6,1,27.5,83.3,2,0,77.9,3.7,0,55.8,0.3452011296997686,High
T0499,Development task 499,Development,Medium,13,6,52.4,53.8,3,0,74.2,4.2,1,1.3999999999999986,0.031406549325957475,Low
T0500,Research task 500,Research,Low,6,20,100.0,0.0,1,1,94.0,6.0,0,-100.0,0.17257333969249516,Low
T0501,Documentation task 501,Documentation,Low,2,4,84.8,0.0,1,1,79.4,6.2,1,-84.8,0.28538517025277105,Medium
T0502,Development task 502,Development,High,10,2,37.6,80.0,2,2,71.4,3.5,0,42.4,0.37577853664786304,High
T0503,Design task 503,Design,Medium,14,13,60.6,7.1,3,2,99.6,6.2,1,-53.5,0.29127197363959884,Medium
T0504,Documentation task 504,Documentation,Low,13,2,55.0,84.6,4,2,72.3,4.5,1,29.599999999999994,0.33615767525834506,High
T0505,Presentation task 505,Presentation,Medium,4,19,62.0,0.0,2,0,63.9,0.0,0,-62.0,0.05841243856797181,Low
T0506,Testing task 506,Testing,High,7,17,37.5,0.0,5,1,53.2,3.8,0,-37.5,0.2167705432784201,Medium
T0507,Research task 507,Research,Medium,8,20,52.8,0.0,3,2,84.1,7.7,0,-52.8,0.23020750513453536,Medium
T0508,Design task 508,Design,High,4,18,15.0,0.0,0,0,94.7,0.8,0,-15.0,0.028763851786409292,Low
T0509,Testing task 509,Testing,Medium,4,3,58.4,25.0,4,1,69.0,5.3,2,-33.4,0.264289507533289,Medium
T0510,Presentation task 510,Presentation,High,4,2,66.3,50.0,3,1,96.2,9.0,0,-16.299999999999997,0.1470864692083157,Low
T0511,Presentation task 511,Presentation,High,14,5,49.3,64.3,2,0,30.6,3.1,1,15.0,0.2055017585472892,Medium
T0512,Presentation task 512,Presentation,Low,11,8,14.6,27.3,2,1,68.9,5.0,0,12.700000000000001,0.2742243314356227,Medium
T0513,Documentation task 513,Documentation,Medium,12,18,79.7,0.0,1,0,69.2,1.7,0,-79.7,0.0749800074171297,Low
T0514,Testing task 514,Testing,Low,12,14,64.1,0.0,3,0,55.5,9.1,1,-64.1,0.29328335727054067,Medium
T0515,Testing task 515,Testing,High,14,12,36.8,14.3,3,0,100.0,4.8,0,-22.499999999999996,0.0,Low
T0516,Documentation task 516,Documentation,Low,2,18,48.0,0.0,2,1,68.7,5.1,0,-48.0,0.10561657826936,Low
T0517,Documentation task 517,Documentation,Medium,13,12,17.5,7.7,1,0,61.8,8.4,1,-9.8,0.23845099249780255,Medium
T0518,Testing task 518,Testing,High,1,6,29.4,0.0,2,0,70.5,6.7,1,-29.4,0.20470702741330543,Medium
T0519,Research task 519,Research,Low,7,7,41.6,0.0,2,1,29.9,2.8,2,-41.6,0.23748749965840832,Medium
T0520,Presentation task 520,Presentation,High,9,9,85.7,0.0,2,0,54.8,3.4,0,-85.7,0.13881972000228623,Low
T0521,Research task 521,Research,Low,6,0,39.0,100.0,1,0,89.7,6.2,1,61.0,0.4258770155482369,High
T0522,Development task 522,Development,Medium,3,15,71.0,0.0,3,0,57.4,3.4,0,-71.0,0.07420683970741268,Low
T0523,Development task 523,Development,Medium,3,13,41.5,0.0,1,0,53.4,0.0,0,-41.5,0.03455758124753503,Low
T0524,Presentation task 524,Presentation,Medium,12,14,61.2,0.0,3,3,96.2,4.9,1,-61.2,0.25535297562659853,Medium
T0525,Research task 525,Research,Medium,5,10,51.5,0.0,0,0,96.8,1.3,1,-51.5,0.08617111466135267,Low
T0526,Development task 526,Development,High,5,16,76.8,0.0,2,0,80.3,9.0,0,-76.8,0.10625215368210078,Low
T0527,Development task 527,Development,Medium,13,19,41.6,0.0,4,1,60.9,5.4,0,-41.6,0.16975261840324907,Low
T0528,Research task 528,Research,Medium,3,11,15.7,0.0,4,1,65.2,2.7,1,-15.7,0.13715483508144474,Low
T0529,Design task 529,Design,High,13,8,20.5,38.5,4,1,53.9,3.3,0,18.0,0.24254795525213818,Medium
T0530,Development task 530,Development,High,13,0,41.7,100.0,4,3,50.1,0.3,0,58.3,0.4529650814995582,High
T0531,Presentation task 531,Presentation,Low,9,15,23.8,0.0,0,0,49.1,2.3,0,-23.8,0.08355582080985703,Low
T0532,Development task 532,Development,High,3,18,65.3,0.0,2,0,57.6,7.5,0,-65.3,0.23852828903787027,Medium
T0533,Presentation task 533,Presentation,Low,3,14,43.4,0.0,3,2,49.3,10.0,0,-43.4,0.299087125918959,Medium
T0534,Documentation task 534,Documentation,Medium,4,17,100.0,0.0,4,4,38.7,6.8,0,-100.0,0.3393451818489273,High
T0535,Documentation task 535,Documentation,Medium,9,17,11.6,0.0,3,3,74.4,4.8,1,-11.6,0.1974917848706855,Low
T0536,Presentation task 536,Presentation,High,3,16,60.1,0.0,5,3,74.7,3.9,0,-60.1,0.16076870615770525,Low
T0537,Documentation task 537,Documentation,Low,7,9,26.8,0.0,1,1,100.0,2.6,0,-26.8,0.1648038038169525,Low
T0538,Documentation task 538,Documentation,Low,2,0,42.7,100.0,0,0,56.6,10.0,0,57.3,0.48168009781774296,High
T0539,Research task 539,Research,High,8,-2,58.5,100.0,0,0,75.9,4.5,1,41.5,0.3655425161699547,High
T0540,Documentation task 540,Documentation,Low,1,2,0.0,0.0,3,3,76.3,10.0,0,0.0,0.39309911429728356,High
T0541,Research task 541,Research,Medium,10,7,60.9,30.0,3,3,64.9,8.5,1,-30.9,0.4512023684814244,High
T0542,Documentation task 542,Documentation,Medium,1,15,100.0,0.0,1,0,84.9,0.6,2,-100.0,0.02759039196098781,Low
T0543,Testing task 543,Testing,Medium,3,8,43.7,0.0,4,0,85.5,3.3,0,-43.7,0.0,Low
T0544,Documentation task 544,Documentation,Low,3,-2,61.5,100.0,4,0,76.5,3.3,0,38.5,0.2369723501964238,Medium
T0545,Testing task 545,Testing,Medium,12,2,80.6,83.3,2,2,64.9,4.8,0,2.700000000000003,0.26225074154175376,Medium
T0546,Development task 546,Development,High,1,20,50.9,0.0,1,1,62.8,4.8,0,-50.9,0.17908365316915445,Low
T0547,Development task 547,Development,Medium,7,20,40.5,0.0,4,1,42.6,10.0,1,-40.5,0.2974497090489094,Medium
T0548,Testing task 548,Testing,Low,9,6,0.0,33.3,4,1,53.9,2.3,0,33.3,0.322832745277851,Medium
T0549,Development task 549,Development,Low,8,16,71.0,0.0,1,0,57.6,5.6,0,-71.0,0.22458295364849573,Medium
T0550,Development task 550,Development,Medium,10,14,52.2,0.0,1,1,47.5,6.5,2,-52.2,0.33479875842566353,High
T0551,Development task 551,Development,High,12,19,29.7,0.0,2,1,78.8,5.0,1,-29.7,0.2971969441060341,Medium
T0552,Testing task 552,Testing,Medium,6,18,58.2,0.0,3,3,93.9,5.3,1,-58.2,0.23749801383834573,Medium
T0553,Design task 553,Design,Low,12,12,40.4,0.0,0,0,51.8,2.4,1,-40.4,0.04334071456654531,Low
T0554,Testing task 554,Testing,Medium,5,7,41.8,0.0,5,1,75.7,5.3,0,-41.8,0.2019422367277418,Low
T0555,Design task 555,Design,Low,14,12,70.2,14.3,2,1,49.3,6.3,1,-55.900000000000006,0.16195361374588021,Low
T0556,Design task 556,Design,Low,8,5,21.5,37.5,2,0,63.9,5.8,0,16.0,0.15939984886500977,Low
T0557,Development task 557,Development,High,11,6,81.2,45.5,0,0,56.2,6.4,2,-35.7,0.22103894495447315,Medium
T0558,Research task 558,Research,Medium,13,12,20.1,7.7,5,5,82.0,8.5,1,-12.400000000000002,0.3327142593308943,Medium
T0559,Testing task 559,Testing,Low,12,11,38.4,8.3,1,1,56.4,7.3,0,-30.099999999999998,0.2653523618564247,Medium
T0560,Documentation task 560,Documentation,Medium,12,11,100.0,8.3,5,3,90.2,5.2,1,-91.7,0.15032716502566634,Low
T0561,Presentation task 561,Presentation,Low,8,6,83.2,25.0,2,1,65.1,2.1,1,-58.2,0.1666432138616665,Low
T0562,Design task 562,Design,Low,1,7,57.4,0.0,5,1,57.0,3.5,0,-57.4,0.20051645777022292,Low
T0563,Testing task 563,Testing,Medium,7,-2,31.5,100.0,1,1,44.9,4.5,1,68.5,0.5775650624934676,High
T0564,Testing task 564,Testing,Medium,3,11,41.8,0.0,0,0,75.1,5.6,0,-41.8,0.07983870601794696,Low
T0565,Documentation task 565,Documentation,Medium,13,11,56.8,15.4,4,2,87.9,3.8,1,-41.4,0.10943974363680015,Low
T0566,Testing task 566,Testing,High,4,19,55.9,0.0,4,3,75.5,2.7,0,-55.9,0.15677027085222106,Low
T0567,Documentation task 567,Documentation,Low,4,9,52.7,0.0,3,0,100.0,2.0,0,-52.7,0.04961668762071792,Low
T0568,Presentation task 568,Presentation,High,4,8,54.2,0.0,0,0,98.6,0.9,0,-54.2,0.0327801131179855,Low
T0569,Research task 569,Research,Medium,9,-1,49.6,100.0,5,1,63.8,4.4,1,50.4,0.36667464497021657,High
T0570,Development task 570,Development,Low,8,2,19.0,75.0,2,2,63.6,1.3,0,56.0,0.32289536223423043,Medium
T0571,Testing task 571,Testing,High,14,5,42.1,64.3,5,0,79.4,2.5,0,22.199999999999996,0.16710063818360824,Low
T0572,Testing task 572,Testing,Low,6,6,77.9,0.0,5,0,53.2,4.0,0,-77.9,0.08531463005123743,Low
T0573,Development task 573,Development,Medium,4,6,20.8,0.0,5,4,93.3,1.7,0,-20.8,0.2033364572840975,Medium
T0574,Design task 574,Design,Medium,1,7,50.3,0.0,4,1,77.2,5.9,0,-50.3,0.12489451789361253,Low
T0575,Testing task 575,Testing,Low,1,15,34.5,0.0,4,1,75.1,6.9,1,-34.5,0.14812164398317626,Low
T0576,Documentation task 576,Documentation,High,6,1,57.8,83.3,3,2,83.7,3.6,0,25.5,0.31535859536297917,Medium
T0577,Research task 577,Research,Low,13,5,45.3,61.5,0,0,100.0,3.9,0,16.200000000000003,0.23308496150131844,Medium
T0578,Testing task 578,Testing,High,8,1,91.9,87.5,2,0,73.4,6.3,0,-4.400000000000006,0.21185149955582866,Medium
T0579,Presentation task 579,Presentation,Low,13,5,67.7,61.5,4,0,67.7,3.2,0,-6.200000000000003,0.10326096496029258,Low
T0580,Testing task 580,Testing,Low,2,13,22.2,0.0,4,0,100.0,3.0,0,-22.2,0.06294257681904841,Low
T0581,Presentation task 581,Presentation,Medium,2,-1,71.8,100.0,3,0,89.4,8.0,0,28.200000000000003,0.20704420692572012,Medium
T0582,Development task 582,Development,High,12,5,35.6,58.3,4,0,63.6,7.2,0,22.699999999999996,0.18593298146237217,Low
T0583,Research task 583,Research,Low,2,-2,40.6,100.0,0,0,70.1,6.5,1,59.4,0.31137022341430964,Medium
T0584,Documentation task 584,Documentation,High,1,19,62.8,0.0,2,2,73.9,7.3,2,-62.8,0.40181036139549775,High
T0585,Design task 585,Design,Low,6,14,42.7,0.0,3,1,77.2,0.1,0,-42.7,0.16206930145778742,Low
T0586,Research task 586,Research,Medium,13,3,77.3,76.9,5,0,42.9,8.4,0,-0.3999999999999915,0.2512909263107455,Medium
T0587,Design task 587,Design,Medium,10,2,35.6,80.0,1,0,39.2,6.0,0,44.4,0.37335575515421027,High
T0588,Presentation task 588,Presentation,Low,2,0,39.5,100.0,1,0,52.3,7.5,0,60.5,0.36822049987512095,High
T0589,Documentation task 589,Documentation,High,12,8,38.6,33.3,2,2,50.7,6.0,0,-5.300000000000004,0.2863183353207988,Medium
T0590,Design task 590,Design,Medium,12,15,40.9,0.0,1,0,57.1,5.1,1,-40.9,0.24713626058686128,Medium
T0591,Testing task 591,Testing,Medium,12,11,82.5,8.3,3,0,82.7,4.3,1,-74.2,0.11368746657645237,Low
T0592,Development task 592,Development,Medium,13,18,70.7,0.0,3,0,66.6,5.9,0,-70.7,0.11036767668940521,Low
T0593,Design task 593,Design,Medium,4,5,97.7,0.0,4,2,73.9,4.2,2,-97.7,0.12757980033315267,Low
T0594,Presentation task 594,Presentation,Medium,14,4,100.0,71.4,5,1,45.5,7.2,0,-28.599999999999994,0.30209861971987356,Medium
T0595,Documentation task 595,Documentation,High,5,8,29.2,0.0,0,0,60.8,1.0,0,-29.2,0.07029580994861719,Low
T0596,Development task 596,Development,Medium,12,2,56.8,83.3,1,1,81.7,3.6,0,26.5,0.21636330733185855,Medium
T0597,Development task 597,Development,Medium,9,20,25.6,0.0,1,1,81.9,10.0,0,-25.6,0.2309367158964229,Medium
T0598,Documentation task 598,Documentation,Medium,11,2,35.6,81.8,1,0,55.5,3.4,0,46.199999999999996,0.24557309913209346,Medium
T0599,Development task 599,Development,Medium,9,9,39.2,0.0,4,4,73.2,4.4,0,-39.2,0.2596128237144015,Medium
T0600,Development task 600,Development,Medium,9,10,28.6,0.0,0,0,100.0,2.8,1,-28.6,0.06903361514730759,Low
T0601,Development task 601,Development,Medium,9,-1,28.7,100.0,0,0,69.6,5.8,0,71.3,0.41698914678607374,High
T0602,Development task 602,Development,Medium,11,8,51.4,27.3,5,1,56.1,3.2,0,-24.099999999999998,0.18603566315767742,Low
T0603,Testing task 603,Testing,High,11,8,24.6,27.3,5,0,66.5,4.5,1,2.6999999999999993,0.14780677869028871,Low
T0604,Research task 604,Research,High,2,3,76.1,0.0,1,1,71.8,7.1,0,-76.1,0.32191561926360657,Medium
T0605,Development task 605,Development,High,12,0,32.1,100.0,1,1,67.0,3.3,1,67.9,0.4854569627626307,High
T0606,Development task 606,Development,High,8,-1,100.0,100.0,3,1,69.4,7.0,1,0.0,0.4298329462672239,High
T0607,Design task 607,Design,Medium,5,-2,43.7,100.0,3,2,41.1,7.1,0,56.3,0.5336755638263021,High
T0608,Development task 608,Development,Medium,8,9,56.8,0.0,5,1,50.7,7.6,2,-56.8,0.20945016707887307,Medium
T0609,Development task 609,Development,Low,14,0,22.6,100.0,2,1,67.0,5.4,0,77.4,0.4667516391618788,High
T0610,Development task 610,Development,Medium,13,20,97.7,0.0,0,0,66.7,10.0,1,-97.7,0.20606963033895137,Medium
T0611,Presentation task 611,Presentation,Low,12,3,83.0,75.0,2,2,58.7,7.6,2,-8.0,0.27663986212337743,Medium
T0612,Testing task 612,Testing,Low,7,13,62.4,0.0,3,2,66.5,5.8,0,-62.4,0.25197814219139053,Medium
T0613,Testing task 613,Testing,High,11,13,21.3,0.0,3,2,71.2,2.8,0,-21.3,0.08993481152175963,Low
T0614,Design task 614,Design,High,6,9,60.3,0.0,3,2,87.8,4.8,0,-60.3,0.19838354620286155,Low
T0615,Presentation task 615,Presentation,Medium,10,18,27.0,0.0,5,3,68.0,8.6,0,-27.0,0.20943741279518235,Medium
T0616,Research task 616,Research,Low,9,0,91.6,100.0,4,4,78.0,9.3,0,8.400000000000006,0.39283532963099543,High
T0617,Testing task 617,Testing,Medium,4,3,75.2,25.0,1,0,59.2,8.7,1,-50.2,0.2585936866232846,Medium
T0618,Design task 618,Design,Medium,4,3,57.4,25.0,2,1,81.4,7.0,0,-32.4,0.33476855086048435,High
T0619,Documentation task 619,Documentation,High,1,1,0.0,0.0,4,2,77.5,1.9,1,0.0,0.14501664062760883,Low
T0620,Development task 620,Development,High,2,4,30.4,0.0,2,1,87.3,6.2,0,-30.4,0.18120079419534707,Low
T0621,Design task 621,Design,Medium,7,5,72.2,28.6,2,0,84.3,1.9,2,-43.6,0.049195399594556224,Low
T0622,Research task 622,Research,Low,7,15,85.3,0.0,1,0,81.8,1.3,0,-85.3,0.003306483871960225,Low
T0623,Documentation task 623,Documentation,Low,3,4,82.7,0.0,1,1,68.0,5.6,0,-82.7,0.20625133350152278,Medium
T0624,Development task 624,Development,Low,6,18,15.2,0.0,4,0,74.9,6.3,2,-15.2,0.20668665711518028,Medium
T0625,Design task 625,Design,Medium,9,15,62.5,0.0,5,3,91.3,7.3,1,-62.5,0.2148138734551477,Medium
T0626,Presentation task 626,Presentation,Low,4,18,80.4,0.0,4,3,57.0,6.2,0,-80.4,0.38996563491354275,High
T0627,Research task 627,Research,Low,5,0,13.5,100.0,1,0,57.4,6.3,2,86.5,0.56528229612807,High
T0628,Development task 628,Development,Low,6,20,54.8,0.0,0,0,73.6,2.5,1,-54.8,0.04326613360796291,Low
T0629,Research task 629,Research,Low,8,12,61.8,0.0,0,0,78.3,4.7,1,-61.8,0.10138140755941281,Low
T0630,Research task 630,Research,Medium,6,20,47.5,0.0,2,0,53.5,1.2,1,-47.5,0.06432431716466719,Low
T0631,Research task 631,Research,Low,11,6,8.7,45.5,3,0,68.5,0.0,1,36.8,0.23272009931400234,Medium
T0632,Design task 632,Design,High,5,19,46.9,0.0,5,1,68.1,6.9,0,-46.9,0.10274435050507072,Low
T0633,Presentation task 633,Presentation,Low,7,11,46.8,0.0,5,0,25.7,3.1,3,-46.8,0.14090243097820945,Low
T0634,Development task 634,Development,Low,6,-1,51.3,100.0,0,0,65.6,7.2,1,48.7,0.3771393607292096,High
T0635,Presentation task 635,Presentation,Low,3,7,40.9,0.0,4,0,66.9,7.8,1,-40.9,0.21746400632358293,Medium
T0636,Design task 636,Design,Medium,10,1,43.9,90.0,1,0,66.8,3.5,1,46.1,0.38196968040780527,High
T0637,Documentation task 637,Documentation,Low,4,19,54.0,0.0,1,0,98.3,6.5,0,-54.0,0.16907710953864216,Low
T0638,Research task 638,Research,Medium,5,5,66.1,0.0,3,3,45.7,3.3,0,-66.1,0.3074400759973765,Medium
T0639,Research task 639,Research,Low,12,3,47.4,75.0,0,0,53.5,0.4,0,27.6,0.18820552318209902,Low
T0640,Research task 640,Research,High,14,10,44.8,28.6,2,1,17.8,5.3,0,-16.199999999999996,0.3091979572823663,Medium
T0641,Presentation task 641,Presentation,Low,10,7,57.3,30.0,3,0,60.4,3.8,0,-27.299999999999997,0.059174969128414474,Low
T0642,Documentation task 642,Documentation,Medium,13,0,7.0,100.0,1,1,62.1,3.9,1,93.0,0.5152838055658555,High
T0643,Documentation task 643,Documentation,High,12,16,66.9,0.0,3,0,59.8,9.9,0,-66.9,0.23063187888432443,Medium
T0644,Presentation task 644,Presentation,Low,7,17,55.0,0.0,2,1,92.2,1.2,3,-55.0,0.09608274580922414,Low
T0645,Design task 645,Design,Low,11,15,56.0,0.0,4,0,87.2,6.0,3,-56.0,0.15593466339172596,Low
T0646,Documentation task 646,Documentation,High,5,12,79.0,0.0,1,0,71.6,2.5,0,-79.0,0.08608135079364074,Low
T0647,Testing task 647,Testing,Low,7,7,6.2,0.0,0,0,62.6,7.3,2,-6.2,0.21133931129224814,Medium
T0648,Testing task 648,Testing,Low,8,10,5.7,0.0,3,0,90.5,5.7,1,-5.7,0.1633062435929193,Low
T0649,Testing task 649,Testing,Medium,14,9,61.8,35.7,1,0,69.6,5.9,0,-26.099999999999994,0.1757037594145866,Low
T0650,Development task 650,Development,Low,12,1,54.8,91.7,4,2,53.6,2.6,1,36.900000000000006,0.38416667002505117,High
T0651,Research task 651,Research,High,7,-1,59.3,100.0,0,0,35.7,3.1,3,40.7,0.3732992359765297,High
T0652,Research task 652,Research,Medium,10,3,43.4,70.0,3,1,61.2,7.3,0,26.6,0.3361881044338161,High
T0653,Testing task 653,Testing,Medium,3,8,71.6,0.0,5,3,85.1,9.4,1,-71.6,0.2502061458329206,Medium
T0654,Testing task 654,Testing,Low,12,1,78.3,91.7,0,0,100.0,6.2,1,13.400000000000006,0.18674522056635814,Low
T0655,Documentation task 655,Documentation,Medium,8,0,67.1,100.0,1,1,71.2,2.8,1,32.900000000000006,0.49792533784568727,High
T0656,Testing task 656,Testing,Medium,8,17,48.5,0.0,5,4,54.7,5.8,0,-48.5,0.29739281837751036,Medium
T0657,Design task 657,Design,Low,11,6,2.3,45.5,3,2,46.3,10.0,1,43.2,0.5209289175185441,High
T0658,Development task 658,Development,High,9,11,74.2,0.0,1,1,81.0,5.3,0,-74.2,0.1727259675484819,Low
T0659,Development task 659,Development,Medium,2,10,85.5,0.0,1,0,34.7,8.7,1,-85.5,0.29612033748816,Medium
T0660,Presentation task 660,Presentation,High,5,14,71.1,0.0,4,1,81.0,3.1,0,-71.1,0.15301362113317124,Low
T0661,Testing task 661,Testing,Low,3,15,33.0,0.0,5,2,86.4,4.9,0,-33.0,0.1989342943994209,Low
T0662,Testing task 662,Testing,Low,11,4,71.8,63.6,2,0,78.7,6.5,1,-8.199999999999996,0.16686122900433983,Low
T0663,Documentation task 663,Documentation,Medium,1,17,76.5,0.0,2,2,65.6,6.0,1,-76.5,0.34330950478833855,High
T0664,Development task 664,Development,High,3,6,94.0,0.0,4,1,81.3,3.1,1,-94.0,0.19480092649840336,Low
T0665,Presentation task 665,Presentation,Medium,9,17,33.1,0.0,1,1,73.4,3.0,1,-33.1,0.21572161263413142,Medium
T0666,Documentation task 666,Documentation,Low,10,7,49.3,30.0,1,1,54.4,7.5,0,-19.299999999999997,0.27516938204998387,Medium
T0667,Presentation task 667,Presentation,High,8,0,73.7,100.0,4,2,100.0,8.0,0,26.299999999999997,0.386778549505738,High
T0668,Documentation task 668,Documentation,Low,13,15,56.4,0.0,1,1,63.0,8.8,1,-56.4,0.2589604013386795,Medium
T0669,Testing task 669,Testing,Medium,13,-2,27.1,100.0,4,2,85.5,9.5,0,72.9,0.5335019859692337,High
T0670,Research task 670,Research,Medium,2,15,65.4,0.0,2,0,21.6,5.3,2,-65.4,0.22776831618908824,Medium
T0671,Testing task 671,Testing,Low,14,-2,69.5,100.0,5,0,95.5,4.2,0,30.5,0.15943214657809274,Low
T0672,Research task 672,Research,Low,9,2,57.2,77.8,0,0,99.4,8.4,0,20.599999999999994,0.2703797636781712,Medium
T0673,Testing task 673,Testing,Low,9,11,60.5,0.0,5,0,70.6,6.8,0,-60.5,0.09795430562670884,Low
T0674,Documentation task 674,Documentation,High,2,19,48.5,0.0,1,1,81.2,2.5,1,-48.5,0.1587921155915788,Low
T0675,Testing task 675,Testing,Medium,9,7,92.0,22.2,0,0,81.2,2.4,0,-69.8,0.05353602021601142,Low
T0676,Design task 676,Design,Medium,11,0,32.5,100.0,4,2,57.1,6.2,0,67.5,0.5255643410785276,High
T0677,Research task 677,Research,High,9,3,40.3,66.7,3,1,80.9,4.6,0,26.400000000000006,0.2428673361788479,Medium
T0678,Documentation task 678,Documentation,Medium,2,18,55.3,0.0,5,2,53.8,4.9,0,-55.3,0.20609811430514924,Medium
T0679,Documentation task 679,Documentation,Medium,8,14,77.0,0.0,0,0,57.8,7.7,0,-77.0,0.1758186183804793,Low
T0680,Development task 680,Development,Medium,14,0,17.6,100.0,0,0,92.5,6.9,1,82.4,0.44746511878531037,High
T0681,Documentation task 681,Documentation,Medium,11,6,22.2,45.5,3,1,89.5,8.3,1,23.3,0.2498069437847284,Medium
T0682,Documentation task 682,Documentation,Medium,2,4,4.1,0.0,5,5,55.9,0.2,1,-4.1,0.3165570295511134,Medium
T0683,Testing task 683,Testing,High,14,2,55.8,85.7,2,2,55.3,5.6,0,29.900000000000006,0.3138130482199982,Medium
T0684,Research task 684,Research,High,14,17,27.0,0.0,4,0,57.1,6.7,2,-27.0,0.18789757538285917,Low
T0685,Presentation task 685,Presentation,Medium,3,12,45.4,0.0,5,4,84.7,1.2,0,-45.4,0.15083835973912255,Low
T0686,Development task 686,Development,Medium,12,2,71.5,83.3,5,2,50.0,3.4,2,11.799999999999997,0.3182395743363243,Medium
T0687,Documentation task 687,Documentation,High,6,12,39.0,0.0,3,0,77.1,2.9,0,-39.0,0.005135360174049572,Low
T0688,Presentation task 688,Presentation,Low,9,7,60.8,22.2,4,4,84.9,5.1,0,-38.599999999999994,0.23416073293781978,Medium
T0689,Development task 689,Development,High,7,-1,47.5,100.0,3,0,68.2,9.1,0,52.5,0.4228320133005122,High
T0690,Testing task 690,Testing,Low,11,8,71.8,27.3,4,1,90.2,10.0,0,-44.5,0.25820368051852294,Medium
T0691,Research task 691,Research,Medium,14,2,66.9,85.7,3,0,63.9,3.0,1,18.799999999999997,0.22822591500643785,Medium
T0692,Presentation task 692,Presentation,High,12,3,37.7,75.0,3,1,65.7,6.3,0,37.3,0.28732558945655695,Medium
T0693,Research task 693,Research,Medium,14,18,50.8,0.0,2,1,50.5,6.4,2,-50.8,0.245876164063967,Medium
T0694,Testing task 694,Testing,Low,14,14,81.1,0.0,3,1,90.3,6.0,0,-81.1,0.19885256763303455,Low
T0695,Development task 695,Development,High,2,1,64.8,50.0,4,0,54.7,6.0,0,-14.799999999999997,0.1379112567038466,Low
T0696,Research task 696,Research,Medium,4,17,20.1,0.0,5,0,77.0,5.8,0,-20.1,0.11756778658138145,Low
T0697,Development task 697,Development,Medium,11,11,71.4,0.0,3,3,68.6,9.2,0,-71.4,0.33464397737368623,High
T0698,Presentation task 698,Presentation,Medium,9,18,27.9,0.0,0,0,48.9,7.8,0,-27.9,0.17436084700396176,Low
T0699,Design task 699,Design,Medium,1,15,90.3,0.0,3,3,57.8,2.3,0,-90.3,0.38258758913994584,High
T0700,Design task 700,Design,Medium,2,5,80.6,0.0,1,1,97.7,7.0,0,-80.6,0.18781342702762258,Low
T0701,Design task 701,Design,Low,8,10,62.2,0.0,0,0,74.0,7.2,0,-62.2,0.16948825796838987,Low
T0702,Research task 702,Research,Medium,9,10,58.9,0.0,0,0,49.8,5.8,2,-58.9,0.1573182773223691,Low
T0703,Design task 703,Design,High,3,14,49.8,0.0,3,2,76.1,7.8,1,-49.8,0.2959040662666369,Medium
T0704,Testing task 704,Testing,Low,3,3,72.0,0.0,5,3,67.1,5.5,0,-72.0,0.2953893798425968,Medium
T0705,Documentation task 705,Documentation,Medium,2,5,45.7,0.0,3,3,100.0,5.5,1,-45.7,0.2197684648293618,Medium
T0706,Documentation task 706,Documentation,Medium,8,3,60.9,62.5,2,1,75.7,5.3,0,1.6000000000000014,0.20548157590574,Medium
T0707,Documentation task 707,Documentation,High,1,4,76.8,0.0,0,0,62.4,0.0,0,-76.8,0.021636011505456333,Low
T0708,Documentation task 708,Documentation,Medium,9,1,41.0,88.9,4,2,98.4,4.8,0,47.900000000000006,0.30482980939750537,Medium
T0709,Development task 709,Development,High,7,-2,39.6,100.0,0,0,33.2,3.3,1,60.4,0.49960643829167695,High
T0710,Presentation task 710,Presentation,Low,7,19,25.1,0.0,5,1,71.9,2.0,0,-25.1,0.07778328603915093,Low
T0711,Design task 711,Design,Medium,10,-1,28.4,100.0,4,2,100.0,8.6,0,71.6,0.39891938357459655,High
T0712,Documentation task 712,Documentation,High,8,18,9.3,0.0,5,0,67.7,6.3,0,-9.3,0.23121780782468115,Medium
T0713,Research task 713,Research,High,11,-2,73.2,100.0,1,0,35.3,4.9,0,26.799999999999997,0.2942452338468697,Medium
T0714,Documentation task 714,Documentation,Medium,11,15,100.0,0.0,0,0,62.1,3.6,2,-100.0,0.1318646811459318,Low
T0715,Research task 715,Research,Medium,13,5,90.6,61.5,1,1,99.1,5.7,1,-29.099999999999994,0.28556199194138243,Medium
T0716,Design task 716,Design,Medium,12,9,14.3,25.0,4,4,77.5,7.5,0,10.7,0.336612895290618,High
T0717,Development task 717,Development,Low,8,4,73.1,50.0,1,0,53.2,2.9,0,-23.099999999999994,0.11553316988990683,Low
T0718,Documentation task 718,Documentation,High,7,9,90.6,0.0,5,0,56.3,5.0,0,-90.6,0.07914134777247334,Low
T0719,Research task 719,Research,High,4,8,43.6,0.0,0,0,58.8,7.2,2,-43.6,0.121391648351955,Low
T0720,Design task 720,Design,Medium,9,10,57.5,0.0,0,0,77.2,0.2,0,-57.5,0.02888068677019358,Low
T0721,Development task 721,Development,Low,2,7,4.8,0.0,1,0,96.8,4.9,1,-4.8,0.11310715537041141,Low
T0722,Documentation task 722,Documentation,Medium,14,10,61.7,28.6,4,3,91.0,3.9,0,-33.1,0.20727627041053862,Medium
T0723,Presentation task 723,Presentation,Low,12,16,28.4,0.0,3,1,79.1,4.7,3,-28.4,0.17778694597653924,Low
T0724,Testing task 724,Testing,Medium,2,7,60.0,0.0,2,0,43.4,3.7,0,-60.0,0.1414128899673471,Low
T0725,Testing task 725,Testing,Medium,12,6,16.0,50.0,3,0,43.4,5.3,0,34.0,0.1915395002336016,Low
T0726,Development task 726,Development,Low,2,1,68.6,50.0,3,3,80.7,9.8,1,-18.599999999999994,0.4056250177014406,High
T0727,Documentation task 727,Documentation,Medium,11,6,80.6,45.5,3,1,43.1,4.2,0,-35.099999999999994,0.2064202922385023,Medium
T0728,Research task 728,Research,High,2,0,35.4,100.0,3,3,65.5,5.7,0,64.6,0.6620330447091429,High
T0729,Research task 729,Research,Low,7,2,26.6,71.4,0,0,76.1,10.0,2,44.800000000000004,0.4063573156547857,High
T0730,Design task 730,Design,Medium,10,19,1.1,0.0,1,1,47.2,3.6,0,-1.1,0.18606653239269605,Low
T0731,Design task 731,Design,Medium,11,0,48.3,100.0,3,0,49.5,9.5,1,51.7,0.4633305099622257,High
T0732,Development task 732,Development,Low,6,9,40.5,0.0,0,0,68.1,5.0,0,-40.5,0.10646000999920817,Low
T0733,Presentation task 733,Presentation,Medium,13,17,16.2,0.0,2,2,80.1,9.5,0,-16.2,0.3274187267718532,Medium
T0734,Testing task 734,Testing,Medium,11,19,66.3,0.0,0,0,91.2,6.9,0,-66.3,0.1180446030862593,Low
T0735,Development task 735,Development,Low,3,1,43.8,66.7,4,2,82.1,5.8,0,22.900000000000006,0.2510026649473679,Medium
T0736,Design task 736,Design,Low,10,1,28.1,90.0,0,0,71.5,4.8,1,61.9,0.30627950225696565,Medium
T0737,Testing task 737,Testing,High,11,6,41.1,45.5,0,0,55.1,3.4,0,4.399999999999999,0.14689541013165078,Low
T0738,Design task 738,Design,Medium,5,10,81.8,0.0,3,2,48.6,5.2,1,-81.8,0.3409223937201286,High
T0739,Presentation task 739,Presentation,Medium,11,20,70.1,0.0,1,0,59.8,7.2,0,-70.1,0.17226739420258597,Low
T0740,Development task 740,Development,Medium,13,2,51.7,84.6,2,2,78.2,5.0,1,32.89999999999999,0.44351486769601034,High
T0741,Testing task 741,Testing,High,12,1,70.5,91.7,1,1,76.7,4.2,0,21.200000000000003,0.36279045771018004,High
T0742,Presentation task 742,Presentation,Medium,11,3,26.0,72.7,1,0,28.0,4.4,1,46.7,0.3874562589564001,High
T0743,Design task 743,Design,High,9,18,55.8,0.0,4,0,54.3,7.5,0,-55.8,0.14032542560692957,Low
T0744,Development task 744,Development,Medium,4,-2,58.7,100.0,4,4,94.1,8.1,0,41.3,0.5146654042522782,High
T0745,Testing task 745,Testing,Medium,12,6,43.3,50.0,1,1,71.6,3.3,0,6.700000000000003,0.27590364438002407,Medium
T0746,Design task 746,Design,Medium,6,0,65.9,100.0,4,2,41.7,3.3,0,34.099999999999994,0.4127945274799957,High
T0747,Research task 747,Research,Medium,8,1,35.5,87.5,4,2,100.0,5.9,1,52.0,0.44457893380809954,High
T0748,Design task 748,Design,Medium,5,19,67.7,0.0,3,0,69.4,8.8,1,-67.7,0.17143935458207538,Low
T0749,Research task 749,Research,Low,5,-2,68.8,100.0,3,0,77.7,7.9,1,31.200000000000003,0.3376989786793926,High
T0750,Documentation task 750,Documentation,Medium,3,5,0.0,0.0,5,5,78.0,1.9,0,0.0,0.22223030112164832,Medium
T0751,Research task 751,Research,Medium,14,19,84.8,0.0,2,1,62.6,4.3,0,-84.8,0.18469976653982687,Low
T0752,Design task 752,Design,Low,3,11,0.0,0.0,2,0,55.4,2.7,0,0.0,0.16579791580061792,Low
T0753,Presentation task 753,Presentation,Low,2,-1,39.6,100.0,3,2,100.0,4.3,2,60.4,0.35187464691642495,High
T0754,Testing task 754,Testing,High,14,8,80.6,42.9,5,0,90.1,9.0,0,-37.699999999999996,0.15137691522909189,Low
T0755,Documentation task 755,Documentation,Medium,8,20,47.1,0.0,4,0,86.4,1.4,1,-47.1,0.054091847881923935,Low
T0756,Documentation task 756,Documentation,High,7,7,18.3,0.0,0,0,81.5,1.0,1,-18.3,0.0,Low
T0757,Design task 757,Design,Medium,11,10,27.7,9.1,2,0,49.9,2.9,1,-18.6,0.16890502749603992,Low
T0758,Testing task 758,Testing,High,6,10,80.7,0.0,4,2,95.6,5.7,1,-80.7,0.15254165706942047,Low
T0759,Design task 759,Design,High,2,13,7.0,0.0,1,0,53.1,6.6,0,-7.0,0.15149836753234203,Low
T0760,Testing task 760,Testing,Low,11,2,83.2,81.8,5,1,75.7,6.1,1,-1.4000000000000057,0.3003890953877022,Medium
T0761,Documentation task 761,Documentation,High,3,17,53.6,0.0,4,1,37.2,7.9,0,-53.6,0.3031986824769528,Medium
T0762,Presentation task 762,Presentation,Low,8,20,25.2,0.0,5,2,29.2,0.6,0,-25.2,0.2105910136239225,Medium
T0763,Presentation task 763,Presentation,Medium,14,1,40.4,92.9,0,0,76.4,8.0,0,52.50000000000001,0.3981888467322202,High
T0764,Research task 764,Research,High,14,16,29.6,0.0,3,2,53.8,4.2,2,-29.6,0.2573993322110662,Medium
T0765,Design task 765,Design,Medium,6,16,76.7,0.0,3,2,30.2,6.8,2,-76.7,0.44000219660183837,High
T0766,Testing task 766,Testing,Medium,11,15,73.3,0.0,3,3,80.8,1.7,0,-73.3,0.24440838157201197,Medium
T0767,Design task 767,Design,Medium,9,6,12.0,33.3,5,4,100.0,5.0,0,21.299999999999997,0.24540583763507068,Medium
T0768,Testing task 768,Testing,Low,7,8,44.9,0.0,2,0,97.8,5.6,0,-44.9,0.017294886089117292,Low
T0769,Presentation task 769,Presentation,Low,2,17,33.4,0.0,3,3,64.9,7.9,0,-33.4,0.3494919000994635,High
T0770,Design task 770,Design,Low,6,1,87.3,83.3,4,2,70.2,1.0,1,-4.0,0.19357321017274443,Low
T0771,Presentation task 771,Presentation,Low,10,17,21.2,0.0,4,0,87.8,5.1,0,-21.2,0.023353091652691615,Low
T0772,Presentation task 772,Presentation,Medium,14,19,95.1,0.0,4,1,92.4,2.3,1,-95.1,0.12399597495224576,Low
T0773,Presentation task 773,Presentation,Medium,1,13,54.2,0.0,2,2,63.1,6.3,0,-54.2,0.26973197531775733,Medium
T0774,Research task 774,Research,Medium,11,5,26.0,54.5,5,4,70.7,6.9,2,28.5,0.4403999129430401,High
T0775,Design task 775,Design,Medium,12,10,38.1,16.7,0,0,76.0,8.2,2,-21.400000000000002,0.21442034406237864,Medium
T0776,Research task 776,Research,Low,14,-1,35.0,100.0,2,1,81.1,3.7,0,65.0,0.40760346558947463,High
T0777,Research task 777,Research,Low,6,19,23.1,0.0,3,0,67.3,7.3,2,-23.1,0.22352557155454358,Medium
T0778,Research task 778,Research,High,2,5,57.4,0.0,0,0,67.6,8.4,2,-57.4,0.18303807920158838,Low
T0779,Development task 779,Development,High,4,-1,24.3,100.0,2,0,97.6,0.9,1,75.7,0.33707257300761806,High
T0780,Research task 780,Research,Medium,12,16,0.5,0.0,3,0,94.2,6.5,2,-0.5,0.11291976300226442,Low
T0781,Design task 781,Design,Low,13,13,45.5,0.0,3,2,79.5,7.4,0,-45.5,0.29829872139031355,Medium
T0782,Presentation task 782,Presentation,High,9,12,9.9,0.0,0,0,100.0,4.4,0,-9.9,0.05197138059728198,Low
T0783,Presentation task 783,Presentation,High,2,-1,36.2,100.0,1,1,62.3,2.0,1,63.8,0.5551388256948793,High
T0784,Presentation task 784,Presentation,Medium,2,15,32.3,0.0,1,0,100.0,7.4,1,-32.3,0.21684091017600968,Medium
T0785,Research task 785,Research,Low,7,12,33.2,0.0,3,2,80.9,2.0,0,-33.2,0.12171404315727755,Low
T0786,Testing task 786,Testing,Low,9,16,100.0,0.0,1,1,100.0,4.6,1,-100.0,0.039616900931819965,Low
T0787,Testing task 787,Testing,Medium,1,17,56.4,0.0,3,3,46.2,4.9,0,-56.4,0.35642547716356365,High
T0788,Research task 788,Research,High,10,2,61.1,80.0,4,0,56.2,6.8,0,18.9,0.24675140513199287,Medium
T0789,Presentation task 789,Presentation,Medium,8,2,10.6,75.0,4,2,78.4,3.4,0,64.4,0.37549067934340036,High
T0790,Development task 790,Development,Medium,1,19,38.7,0.0,1,1,77.9,3.3,0,-38.7,0.15321409469235156,Low
T0791,Presentation task 791,Presentation,Medium,2,10,60.4,0.0,5,4,100.0,5.2,0,-60.4,0.19059264226503186,Low
T0792,Research task 792,Research,High,7,8,29.4,0.0,0,0,56.6,7.5,1,-29.4,0.25912632120135365,Medium
T0793,Testing task 793,Testing,Medium,11,4,77.7,63.6,0,0,88.1,10.0,0,-14.100000000000001,0.18584556196587573,Low
T0794,Research task 794,Research,High,12,12,24.9,0.0,0,0,93.2,1.2,0,-24.9,0.09237993150540677,Low
T0795,Presentation task 795,Presentation,Medium,7,15,47.8,0.0,1,0,84.1,5.8,0,-47.8,0.13556100596392479,Low
T0796,Testing task 796,Testing,Medium,5,-2,40.3,100.0,5,2,50.8,2.3,1,59.7,0.455121797135809,High
T0797,Research task 797,Research,Medium,14,10,59.1,28.6,1,1,98.2,7.5,0,-30.5,0.19568213983953714,Low
T0798,Design task 798,Design,Medium,7,20,39.0,0.0,4,0,94.6,2.7,1,-39.0,0.09334710420414673,Low
T0799,Development task 799,Development,High,5,4,48.2,20.0,2,1,82.0,3.3,3,-28.200000000000003,0.24418794813330208,Medium
T0800,Research task 800,Research,Medium,7,4,49.1,42.9,0,0,74.1,3.5,1,-6.200000000000003,0.1678563009517101,Low
T0801,Research task 801,Research,Medium,1,18,36.6,0.0,2,0,74.5,4.8,3,-36.6,0.14717307443121286,Low
T0802,Presentation task 802,Presentation,Medium,5,-1,67.1,100.0,0,0,68.4,5.8,1,32.900000000000006,0.33497695948689027,High
T0803,Presentation task 803,Presentation,Medium,8,7,61.0,12.5,2,2,82.8,6.2,1,-48.5,0.2980020204627663,Medium
T0804,Testing task 804,Testing,Medium,13,8,52.8,38.5,3,0,70.6,5.0,1,-14.299999999999997,0.11656841536982357,Low
T0805,Presentation task 805,Presentation,Medium,11,16,44.2,0.0,3,0,53.0,1.7,0,-44.2,0.03925299830986164,Low
T0806,Testing task 806,Testing,Medium,11,0,74.9,100.0,1,0,49.0,6.8,0,25.099999999999994,0.2760364466648938,Medium
T0807,Research task 807,Research,Medium,8,7,49.1,12.5,4,1,55.0,4.9,0,-36.6,0.16894822787260072,Low
T0808,Documentation task 808,Documentation,Medium,2,1,47.3,50.0,3,1,74.4,7.9,1,2.700000000000003,0.3061270236276817,Medium
T0809,Research task 809,Research,Low,6,16,57.6,0.0,1,0,69.5,3.2,1,-57.6,0.17336554144527178,Low
T0810,Documentation task 810,Documentation,Medium,14,12,97.4,14.3,2,1,74.3,1.0,2,-83.10000000000001,0.08574763956326896,Low
T0811,Development task 811,Development,Medium,1,9,21.5,0.0,0,0,80.0,4.9,0,-21.5,0.07363274930350087,Low
T0812,Research task 812,Research,Medium,13,7,74.2,46.2,5,3,57.5,8.2,0,-28.0,0.2688568751468374,Medium
T0813,Design task 813,Design,Medium,10,1,7.7,90.0,4,2,99.3,5.4,0,82.3,0.5298358516153322,High
T0814,Documentation task 814,Documentation,High,4,19,60.4,0.0,1,1,64.6,4.5,0,-60.4,0.194194473230575,Low
T0815,Presentation task 815,Presentation,High,11,12,94.4,0.0,4,2,61.3,2.8,0,-94.4,0.1585633832526264,Low
T0816,Testing task 816,Testing,Medium,12,5,67.2,58.3,4,2,79.6,9.4,0,-8.900000000000006,0.18100037114248885,Low
T0817,Research task 817,Research,Medium,1,7,59.3,0.0,3,2,33.3,2.4,0,-59.3,0.260220365798663,Medium
T0818,Presentation task 818,Presentation,Medium,2,14,41.0,0.0,0,0,54.2,3.2,0,-41.0,0.10863004627017227,Low
T0819,Documentation task 819,Documentation,Medium,10,14,55.8,0.0,5,1,89.6,6.4,1,-55.8,0.12889774825102018,Low
T0820,Development task 820,Development,Medium,14,8,48.7,42.9,5,4,35.3,0.4,0,-5.800000000000004,0.22340767210922852,Medium
T0821,Testing task 821,Testing,Medium,1,4,35.4,0.0,5,5,92.4,8.2,1,-35.4,0.38408310842989646,High
T0822,Presentation task 822,Presentation,High,10,13,47.8,0.0,5,1,100.0,6.6,0,-47.8,0.08208898791734118,Low
T0823,Development task 823,Development,Low,2,13,60.0,0.0,5,1,62.6,7.2,0,-60.0,0.15535035177815354,Low
T0824,Research task 824,Research,Medium,10,11,35.8,0.0,4,1,75.8,6.4,0,-35.8,0.23491262237328106,Medium
T0825,Research task 825,Research,Low,9,-1,34.8,100.0,0,0,92.4,4.6,1,65.2,0.3890554080676095,High
T0826,Testing task 826,Testing,Medium,2,8,21.0,0.0,2,0,60.7,2.3,0,-21.0,0.12693770483559588,Low
T0827,Presentation task 827,Presentation,Medium,10,12,64.8,0.0,1,1,87.4,4.6,1,-64.8,0.22465426216695097,Medium
T0828,Documentation task 828,Documentation,Medium,13,19,68.6,0.0,1,1,56.6,2.6,0,-68.6,0.20233327238530258,Medium
T0829,Testing task 829,Testing,Medium,13,10,60.8,23.1,4,2,60.4,6.2,0,-37.699999999999996,0.21498504404257218,Medium
T0830,Design task 830,Design,High,1,5,79.1,0.0,4,0,54.0,7.0,0,-79.1,0.21557790112419092,Medium
T0831,Development task 831,Development,High,4,10,57.2,0.0,3,1,76.9,8.7,1,-57.2,0.2899334950572244,Medium
T0832,Research task 832,Research,Medium,4,2,64.8,50.0,4,3,93.2,5.9,1,-14.799999999999997,0.3195760840174715,Medium
T0833,Development task 833,Development,High,7,0,62.6,100.0,0,0,66.3,7.3,0,37.4,0.2816764183176158,Medium
T0834,Testing task 834,Testing,Medium,3,13,52.7,0.0,1,0,44.6,4.3,1,-52.7,0.22951221755888312,Medium
T0835,Presentation task 835,Presentation,High,12,20,41.7,0.0,5,3,48.3,3.8,1,-41.7,0.2333199039567844,Medium
T0836,Presentation task 836,Presentation,Low,11,17,100.0,0.0,2,2,77.9,6.2,0,-100.0,0.22173185645609156,Medium
T0837,Documentation task 837,Documentation,Low,12,11,43.7,8.3,3,1,100.0,4.0,0,-35.400000000000006,0.10153361516157633,Low
T0838,Research task 838,Research,Medium,3,-2,38.4,100.0,2,1,77.9,5.7,0,61.6,0.5124730884291033,High
T0839,Documentation task 839,Documentation,Low,1,20,65.9,0.0,1,0,62.3,2.3,1,-65.9,0.1347398758680698,Low
T0840,Design task 840,Design,Medium,13,8,61.3,38.5,4,0,85.3,2.8,1,-22.799999999999997,0.06794734607395327,Low
T0841,Testing task 841,Testing,Low,5,4,19.9,20.0,4,1,65.2,6.6,1,0.10000000000000142,0.2600999600105654,Medium
T0842,Presentation task 842,Presentation,Medium,10,18,83.1,0.0,4,2,62.4,7.2,2,-83.1,0.28472636237130505,Medium
T0843,Presentation task 843,Presentation,Low,13,15,52.6,0.0,2,0,50.8,2.5,2,-52.6,0.1159847600563646,Low
T0844,Testing task 844,Testing,Low,1,15,27.2,0.0,3,3,98.2,6.7,1,-27.2,0.23446490251874202,Medium
T0845,Design task 845,Design,High,1,4,84.7,0.0,5,3,19.2,3.7,1,-84.7,0.32387840888774766,Medium
T0846,Testing task 846,Testing,Medium,1,20,70.6,0.0,3,0,86.0,5.0,1,-70.6,0.10854077987588658,Low
T0847,Documentation task 847,Documentation,High,3,8,23.4,0.0,2,2,60.7,8.5,1,-23.4,0.26767474232931815,Medium
T0848,Testing task 848,Testing,Medium,1,10,99.4,0.0,1,1,61.8,7.0,1,-99.4,0.32132474132014177,Medium
T0849,Development task 849,Development,Low,12,15,71.5,0.0,3,0,100.0,7.0,1,-71.5,0.09765291523544564,Low
T0850,Development task 850,Development,Medium,9,13,54.7,0.0,2,0,55.7,9.8,0,-54.7,0.29305598239943975,Medium
T0851,Testing task 851,Testing,Medium,14,1,94.8,92.9,3,1,56.4,3.2,0,-1.8999999999999915,0.13325050074226447,Low
T0852,Research task 852,Research,Low,12,4,59.0,66.7,0,0,67.4,2.5,1,7.700000000000003,0.13098123684716612,Low
T0853,Presentation task 853,Presentation,High,14,6,54.3,57.1,1,1,78.3,3.2,1,2.8000000000000043,0.1720177824447053,Low
T0854,Research task 854,Research,Medium,4,19,38.5,0.0,4,3,61.2,4.4,1,-38.5,0.21209554064779976,Medium
T0855,Presentation task 855,Presentation,Medium,5,14,69.5,0.0,2,1,38.5,0.0,0,-69.5,0.1345771308287478,Low
T0856,Research task 856,Research,Medium,12,6,66.9,50.0,2,1,52.7,4.5,0,-16.900000000000006,0.29364504711851575,Medium
T0857,Testing task 857,Testing,Medium,4,14,55.4,0.0,3,0,95.6,3.6,0,-55.4,0.06776850850397519,Low
T0858,Development task 858,Development,Low,1,14,35.3,0.0,2,1,71.5,7.0,0,-35.3,0.1748312647267952,Low
T0859,Testing task 859,Testing,High,10,7,58.2,30.0,4,4,79.0,5.9,0,-28.200000000000003,0.18856857948312977,Low
T0860,Development task 860,Development,Medium,12,7,53.3,41.7,1,1,64.8,3.5,0,-11.599999999999994,0.11923187268261566,Low
T0861,Presentation task 861,Presentation,Low,14,18,21.7,0.0,4,2,56.8,6.5,1,-21.7,0.23214350946072998,Medium
T0862,Research task 862,Research,Low,13,10,18.2,23.1,1,0,100.0,6.8,1,4.900000000000002,0.10413226745973367,Low
T0863,Presentation task 863,Presentation,Medium,2,1,69.1,50.0,2,2,66.2,3.1,0,-19.099999999999994,0.259330798021609,Medium
T0864,Documentation task 864,Documentation,High,11,14,0.0,0.0,3,0,61.1,3.8,0,0.0,0.0017408099782074138,Low
T0865,Documentation task 865,Documentation,High,12,11,60.1,8.3,5,1,91.9,0.0,0,-51.8,0.04089925358100665,Low
T0866,Research task 866,Research,Medium,10,9,43.0,10.0,1,0,55.6,2.3,0,-33.0,0.15248648875735538,Low
T0867,Research task 867,Research,High,12,14,87.7,0.0,3,3,58.1,3.1,2,-87.7,0.3738253957015431,High
T0868,Development task 868,Development,Medium,12,18,42.7,0.0,0,0,70.2,5.2,0,-42.7,0.027977692604143026,Low
T0869,Design task 869,Design,Medium,7,5,71.5,28.6,0,0,70.0,2.6,0,-42.9,0.04393036203804222,Low
T0870,Documentation task 870,Documentation,Medium,1,7,45.1,0.0,4,2,75.2,3.7,1,-45.1,0.14665497361793992,Low
T0871,Presentation task 871,Presentation,Low,7,2,57.8,71.4,4,4,100.0,1.9,0,13.600000000000009,0.27338607137628257,Medium
T0872,Development task 872,Development,Low,3,12,73.4,0.0,2,1,76.7,5.4,0,-73.4,0.12162804327284397,Low
T0873,Documentation task 873,Documentation,Medium,2,7,43.4,0.0,3,2,22.4,6.1,0,-43.4,0.39201316243633405,High
T0874,Research task 874,Research,Low,2,5,79.9,0.0,2,1,76.5,6.0,1,-79.9,0.2107594569176203,Medium
T0875,Documentation task 875,Documentation,High,10,14,30.2,0.0,1,0,70.8,5.0,0,-30.2,0.11264268553503942,Low
T0876,Research task 876,Research,High,8,7,62.4,12.5,2,1,70.9,1.1,2,-49.9,0.23978568668913885,Medium
T0877,Documentation task 877,Documentation,Medium,8,8,78.1,0.0,1,1,74.9,3.5,0,-78.1,0.1893476187958326,Low
T0878,Development task 878,Development,Medium,11,8,71.5,27.3,4,4,69.4,4.0,1,-44.2,0.3025818369916011,Medium
T0879,Development task 879,Development,Medium,8,3,100.0,62.5,2,1,68.9,4.0,0,-37.5,0.15577675300206417,Low
T0880,Design task 880,Design,Low,9,0,35.9,100.0,1,1,82.3,5.2,0,64.1,0.4103748967472808,High
T0881,Development task 881,Development,Medium,2,17,20.5,0.0,3,3,59.2,8.6,0,-20.5,0.3096819184247885,Medium
T0882,Presentation task 882,Presentation,Low,12,0,30.1,100.0,4,2,51.0,7.0,3,69.9,0.7124987919472413,High
T0883,Documentation task 883,Documentation,Medium,7,5,71.5,28.6,1,0,100.0,2.5,1,-42.9,0.08581771408101446,Low
T0884,Development task 884,Development,Low,3,13,67.4,0.0,5,0,55.7,6.7,1,-67.4,0.19734340852221915,Low
T0885,Design task 885,Design,Low,12,1,57.6,91.7,2,0,72.0,6.6,0,34.1,0.25153133049074,Medium
T0886,Testing task 886,Testing,Low,11,13,26.9,0.0,3,3,40.1,3.0,0,-26.9,0.3304125400491923,Medium
T0887,Documentation task 887,Documentation,High,1,14,74.2,0.0,5,0,72.3,7.1,0,-74.2,0.08016533628431044,Low
T0888,Design task 888,Design,Low,3,13,24.4,0.0,2,1,51.3,4.6,0,-24.4,0.1303638441825476,Low
T0889,Documentation task 889,Documentation,Medium,1,5,84.0,0.0,1,1,61.2,1.5,0,-84.0,0.1527556438559177,Low
T0890,Presentation task 890,Presentation,Medium,4,-2,100.0,100.0,4,1,90.9,6.1,1,0.0,0.3295412122647391,Medium
T0891,Presentation task 891,Presentation,Medium,2,18,64.2,0.0,0,0,79.4,5.5,0,-64.2,0.2082947116196306,Medium
T0892,Testing task 892,Testing,Medium,10,5,69.6,50.0,2,2,81.4,4.4,0,-19.599999999999994,0.2046714869208061,Medium
T0893,Design task 893,Design,Low,8,16,42.7,0.0,5,3,34.6,4.9,0,-42.7,0.2378900490901008,Medium
T0894,Design task 894,Design,Medium,14,2,9.7,85.7,2,0,100.0,3.2,1,76.0,0.27864856463867765,Medium
T0895,Documentation task 895,Documentation,Medium,11,1,39.9,90.9,4,1,46.2,6.5,0,51.00000000000001,0.4406015362760043,High
T0896,Development task 896,Development,Medium,9,15,27.7,0.0,3,2,100.0,4.9,0,-27.7,0.18160063759940598,Low
T0897,Research task 897,Research,Medium,8,19,18.8,0.0,1,1,90.4,5.4,1,-18.8,0.2515444793765123,Medium
T0898,Documentation task 898,Documentation,Medium,1,17,98.1,0.0,1,1,81.5,5.9,0,-98.1,0.2617853756662582,Medium
T0899,Research task 899,Research,Medium,1,15,61.8,0.0,3,3,52.9,2.1,0,-61.8,0.24227890411676833,Medium
T0900,Presentation task 900,Presentation,Low,9,3,64.5,66.7,0,0,73.0,2.8,2,2.200000000000003,0.17133472707131256,Low
T0901,Development task 901,Development,Medium,1,19,47.3,0.0,2,0,60.6,0.0,0,-47.3,0.024068056607673194,Low
T0902,Development task 902,Development,Low,1,13,50.7,0.0,2,2,70.6,6.4,0,-50.7,0.3002854600013676,Medium
T0903,Research task 903,Research,Medium,4,1,79.1,75.0,5,0,65.0,2.0,0,-4.099999999999994,0.09713839609077206,Low
T0904,Design task 904,Design,Medium,13,0,54.2,100.0,0,0,29.2,5.3,4,45.8,0.4689729257983468,High
T0905,Presentation task 905,Presentation,Low,7,18,68.3,0.0,5,0,92.4,5.9,1,-68.3,0.13549173293093492,Low
T0906,Testing task 906,Testing,Low,10,4,50.1,60.0,2,2,68.4,6.5,0,9.899999999999999,0.3263235146180865,Medium
T0907,Presentation task 907,Presentation,Medium,6,15,46.4,0.0,3,1,60.3,2.0,1,-46.4,0.1959436525746344,Low
T0908,Presentation task 908,Presentation,Medium,3,1,19.8,66.7,3,2,58.8,4.8,3,46.900000000000006,0.4094300464319658,High
T0909,Research task 909,Research,High,6,4,5.6,33.3,1,1,77.2,9.2,0,27.699999999999996,0.32590418908895297,Medium
T0910,Development task 910,Development,High,2,4,48.5,0.0,5,0,52.1,9.3,0,-48.5,0.2078470163223483,Medium
T0911,Presentation task 911,Presentation,High,11,4,56.4,63.6,1,1,24.9,7.5,1,7.200000000000003,0.3048534972830005,Medium
T0912,Development task 912,Development,Medium,3,13,22.8,0.0,0,0,78.1,5.8,1,-22.8,0.11617344093893141,Low
T0913,Testing task 913,Testing,Low,6,19,54.1,0.0,4,4,80.4,2.5,0,-54.1,0.2081684852461225,Medium
T0914,Testing task 914,Testing,Medium,14,18,56.3,0.0,3,1,66.0,6.8,0,-56.3,0.26848418933333473,Medium
T0915,Documentation task 915,Documentation,Medium,9,15,1.1,0.0,5,3,47.0,4.6,1,-1.1,0.27229335178123976,Medium
T0916,Presentation task 916,Presentation,Medium,7,2,32.1,71.4,2,1,71.8,6.4,1,39.300000000000004,0.4406548121365273,High
T0917,Presentation task 917,Presentation,Medium,8,20,65.2,0.0,0,0,40.7,3.4,0,-65.2,0.1550337359404859,Low
T0918,Testing task 918,Testing,Low,11,10,64.7,9.1,0,0,49.5,4.6,0,-55.6,0.11796663643839672,Low
T0919,Testing task 919,Testing,Low,4,10,26.2,0.0,2,2,55.0,5.4,0,-26.2,0.28851917372065894,Medium
T0920,Development task 920,Development,Low,9,14,59.0,0.0,1,0,86.9,5.6,0,-59.0,0.14012131669660863,Low
T0921,Research task 921,Research,Low,13,15,80.6,0.0,5,5,62.7,6.2,1,-80.6,0.3919533996554624,High
T0922,Documentation task 922,Documentation,High,9,19,74.4,0.0,0,0,61.0,3.6,0,-74.4,0.10588449685327832,Low
T0923,Research task 923,Research,Low,7,11,52.6,0.0,5,4,100.0,1.6,1,-52.6,0.09162446780735278,Low
T0924,Documentation task 924,Documentation,Medium,3,12,43.3,0.0,1,1,77.0,9.1,0,-43.3,0.18510988712890492,Low
T0925,Development task 925,Development,High,4,15,39.3,0.0,0,0,76.8,10.0,0,-39.3,0.16847936949415565,Low
T0926,Documentation task 926,Documentation,Medium,14,3,66.7,78.6,1,0,62.6,6.1,1,11.899999999999991,0.109021591609268,Low
T0927,Presentation task 927,Presentation,Medium,8,5,59.9,37.5,0,0,58.1,1.7,1,-22.4,0.1947718899535082,Low
T0928,Testing task 928,Testing,Medium,5,12,70.7,0.0,2,1,26.3,3.1,0,-70.7,0.25356332823665334,Medium
T0929,Testing task 929,Testing,Medium,6,-1,58.3,100.0,1,0,89.4,6.3,1,41.7,0.3012333161918044,Medium
T0930,Development task 930,Development,Medium,9,5,75.5,44.4,3,1,79.0,8.4,0,-31.1,0.1520176202995602,Low
T0931,Development task 931,Development,High,8,14,57.4,0.0,3,3,66.4,2.0,1,-57.4,0.29847262146547215,Medium
T0932,Research task 932,Research,Medium,10,20,74.6,0.0,0,0,67.3,4.7,2,-74.6,0.09720147555078307,Low
T0933,Research task 933,Research,High,4,9,76.8,0.0,0,0,84.7,5.5,1,-76.8,0.07120532848661404,Low
T0934,Documentation task 934,Documentation,High,10,7,34.9,30.0,0,0,38.9,7.2,3,-4.899999999999999,0.21135270299866538,Medium
T0935,Presentation task 935,Presentation,Medium,7,8,9.8,0.0,1,1,58.2,4.1,2,-9.8,0.2632377040620496,Medium
T0936,Research task 936,Research,Medium,14,13,93.6,7.1,0,0,47.3,1.1,1,-86.5,0.1432565386240366,Low
T0937,Design task 937,Design,Medium,3,10,61.4,0.0,1,1,100.0,6.6,1,-61.4,0.27530027833744986,Medium
T0938,Testing task 938,Testing,Medium,3,-2,12.1,100.0,3,0,87.5,7.8,0,87.9,0.5656485649473351,High
T0939,Documentation task 939,Documentation,Medium,7,10,37.2,0.0,1,1,25.9,4.8,3,-37.2,0.3331886854617371,Medium
T0940,Documentation task 940,Documentation,Medium,8,7,74.3,12.5,1,1,39.7,6.0,0,-61.8,0.3314760986878167,Medium
T0941,Documentation task 941,Documentation,High,10,14,48.0,0.0,2,2,67.4,3.8,0,-48.0,0.20568335263451532,Medium
T0942,Research task 942,Research,Medium,6,18,42.2,0.0,3,0,60.6,2.9,0,-42.2,0.011556699276901672,Low
T0943,Design task 943,Design,Medium,13,20,90.0,0.0,1,1,43.5,7.6,1,-90.0,0.28186011308114123,Medium
T0944,Development task 944,Development,Low,7,12,28.8,0.0,1,1,100.0,6.0,0,-28.8,0.14968697428618563,Low
T0945,Research task 945,Research,Medium,2,6,35.0,0.0,2,1,76.3,6.2,0,-35.0,0.1636173130767078,Low
T0946,Development task 946,Development,High,2,8,60.3,0.0,0,0,79.5,8.8,0,-60.3,0.11478126353790555,Low
T0947,Development task 947,Development,High,14,2,64.8,85.7,2,0,56.2,2.4,2,20.900000000000006,0.21512785445434773,Medium
T0948,Presentation task 948,Presentation,Medium,2,19,67.4,0.0,5,2,84.4,3.6,0,-67.4,0.17506752737134557,Low
T0949,Design task 949,Design,Medium,14,17,77.8,0.0,2,0,62.4,5.4,0,-77.8,0.22316285513312858,Medium
T0950,Presentation task 950,Presentation,Medium,4,17,60.0,0.0,0,0,64.3,3.6,0,-60.0,0.02128267628704883,Low
T0951,Documentation task 951,Documentation,Low,2,5,67.2,0.0,4,3,82.2,7.0,2,-67.2,0.2206466019882961,Medium
T0952,Documentation task 952,Documentation,Low,5,5,48.5,0.0,0,0,37.4,4.5,1,-48.5,0.13849435373025826,Low
T0953,Documentation task 953,Documentation,High,9,17,56.6,0.0,1,0,100.0,2.5,0,-56.6,0.07578709387182964,Low
T0954,Presentation task 954,Presentation,Medium,6,10,57.7,0.0,0,0,73.6,5.2,1,-57.7,0.12401929451801419,Low
T0955,Design task 955,Design,High,11,14,60.4,0.0,5,2,95.6,5.4,0,-60.4,0.11806120551148552,Low
T0956,Development task 956,Development,Low,9,9,74.3,0.0,5,3,48.5,7.3,2,-74.3,0.3559199837186044,High
T0957,Testing task 957,Testing,Medium,6,8,68.9,0.0,3,0,51.5,6.0,1,-68.9,0.2272361799837651,Medium
T0958,Presentation task 958,Presentation,Medium,9,12,56.1,0.0,3,3,46.8,6.2,1,-56.1,0.33852866869548515,High
T0959,Research task 959,Research,Medium,14,16,34.8,0.0,3,2,75.0,5.8,1,-34.8,0.20035570533563948,Low
T0960,Development task 960,Development,Medium,6,5,56.7,16.7,3,0,71.3,4.5,2,-40.0,0.15739731169510296,Low
T0961,Design task 961,Design,Medium,3,16,54.3,0.0,3,0,60.7,3.2,1,-54.3,0.11195325624403832,Low
T0962,Design task 962,Design,High,6,3,59.8,50.0,5,5,49.7,5.7,1,-9.799999999999997,0.3522326711440603,High
T0963,Documentation task 963,Documentation,Medium,12,7,100.0,41.7,4,1,44.7,4.2,0,-58.3,0.1603299890699082,Low
T0964,Design task 964,Design,Low,4,18,41.9,0.0,0,0,69.0,9.2,1,-41.9,0.2474158290327711,Medium
T0965,Documentation task 965,Documentation,Low,14,19,65.6,0.0,2,2,60.7,8.4,0,-65.6,0.33077734464967307,Medium
T0966,Presentation task 966,Presentation,Medium,9,19,81.7,0.0,5,2,56.3,6.6,0,-81.7,0.2830017107611482,Medium
T0967,Documentation task 967,Documentation,Medium,9,5,57.5,44.4,2,1,100.0,5.9,0,-13.100000000000001,0.22198297394057298,Medium
T0968,Design task 968,Design,Medium,5,17,100.0,0.0,1,0,68.4,4.8,0,-100.0,0.14234903844333202,Low
T0969,Research task 969,Research,Medium,13,19,45.5,0.0,5,3,95.4,1.8,1,-45.5,0.12524281092240905,Low
T0970,Development task 970,Development,Medium,1,20,63.1,0.0,3,0,59.3,4.5,0,-63.1,0.18056631161098924,Low
T0971,Testing task 971,Testing,High,5,-2,35.0,100.0,3,1,74.9,5.3,0,65.0,0.4879332351139177,High
T0972,Documentation task 972,Documentation,Medium,6,15,46.2,0.0,2,1,68.9,5.6,1,-46.2,0.34415172217371526,High
T0973,Development task 973,Development,Medium,7,20,61.2,0.0,0,0,36.0,6.2,1,-61.2,0.221171811091401,Medium
T0974,Design task 974,Design,Medium,7,15,76.2,0.0,2,0,98.6,7.3,0,-76.2,0.1464844019507042,Low
T0975,Presentation task 975,Presentation,High,3,3,63.0,0.0,2,1,67.3,3.3,1,-63.0,0.21640452789813494,Medium
T0976,Presentation task 976,Presentation,Medium,4,15,86.5,0.0,5,3,84.9,3.3,0,-86.5,0.1671950704065941,Low
T0977,Testing task 977,Testing,High,2,0,52.6,100.0,1,1,55.0,8.6,0,47.4,0.4994604225206218,High
T0978,Documentation task 978,Documentation,Low,9,9,46.7,0.0,0,0,66.7,6.9,1,-46.7,0.184828858899595,Low
T0979,Presentation task 979,Presentation,Medium,5,12,100.0,0.0,2,0,52.7,4.0,1,-100.0,0.17367545425735945,Low
T0980,Development task 980,Development,Medium,8,8,64.9,0.0,5,5,94.7,4.7,0,-64.9,0.30283606164888793,Medium
T0981,Research task 981,Research,Medium,9,14,37.0,0.0,2,2,76.2,4.7,2,-37.0,0.2883091945818549,Medium
T0982,Testing task 982,Testing,Low,10,3,37.6,70.0,2,2,77.3,5.1,1,32.4,0.37080554122873854,High
T0983,Development task 983,Development,Medium,8,11,31.4,0.0,4,4,97.2,6.2,0,-31.4,0.24085730017005086,Medium
T0984,Documentation task 984,Documentation,Medium,10,12,78.4,0.0,3,1,93.1,10.0,1,-78.4,0.16086981952150764,Low
T0985,Documentation task 985,Documentation,High,9,12,45.9,0.0,1,1,85.3,5.5,0,-45.9,0.2876106921786155,Medium
T0986,Development task 986,Development,Medium,10,4,58.2,60.0,5,4,41.6,6.7,2,1.7999999999999972,0.3440079859906242,High
T0987,Development task 987,Development,Low,9,5,53.4,44.4,3,2,56.1,0.8,0,-9.0,0.22622202300689534,Medium
T0988,Development task 988,Development,Medium,5,3,73.3,40.0,0,0,49.9,3.8,0,-33.3,0.16597754287212668,Low
T0989,Testing task 989,Testing,Medium,4,8,33.8,0.0,2,0,84.6,8.1,0,-33.8,0.15978659154197034,Low
T0990,Testing task 990,Testing,Low,12,11,28.1,8.3,5,3,73.4,6.0,1,-19.8,0.24069427290304982,Medium
T0991,Testing task 991,Testing,Medium,5,6,60.6,0.0,2,2,42.2,0.0,1,-60.6,0.1973100555686663,Low
T0992,Testing task 992,Testing,Medium,8,7,70.0,12.5,3,3,66.2,6.7,2,-57.5,0.2861065633087346,Medium
T0993,Presentation task 993,Presentation,Low,3,4,63.3,0.0,3,1,40.1,9.8,2,-63.3,0.41660660277358025,High
T0994,Design task 994,Design,Medium,7,3,34.8,57.1,4,1,68.9,0.0,2,22.300000000000004,0.22373138727519565,Medium
T0995,Design task 995,Design,Medium,8,13,71.9,0.0,5,4,36.9,8.8,0,-71.9,0.41624672064271584,High
T0996,Documentation task 996,Documentation,High,9,16,36.4,0.0,0,0,80.6,0.0,1,-36.4,0.11501201354892923,Low
T0997,Presentation task 997,Presentation,Medium,8,4,42.0,50.0,3,0,77.6,7.3,0,8.0,0.1605576534950393,Low
T0998,Testing task 998,Testing,Low,6,17,31.4,0.0,3,0,100.0,5.0,0,-31.4,0.09617528829639221,Low
T0999,Development task 999,Development,High,14,11,87.5,21.4,0,0,87.0,0.0,0,-66.1,0.021750538774567386,Low
T1000,Development task 1000,Development,Medium,8,1,70.8,87.5,4,2,61.5,6.1,0,16.700000000000003,0.26983930984915555,Medium
T1001,Development task 1001,Development,Low,12,6,70.1,50.0,0,0,86.4,7.9,0,-20.099999999999994,0.12962600120478718,Low
T1002,Research task 1002,Research,High,11,-2,86.2,100.0,2,2,42.0,5.9,1,13.799999999999997,0.4731753295119614,High
T1003,Testing task 1003,Testing,Low,8,-2,100.0,100.0,1,0,50.8,6.5,0,0.0,0.21634853724945713,Medium
T1004,Design task 1004,Design,High,13,5,12.3,61.5,0,0,76.7,4.0,2,49.2,0.28424117356474027,Medium
T1005,Design task 1005,Design,Medium,2,8,36.5,0.0,4,2,26.8,0.3,0,-36.5,0.18563165723071778,Low
T1006,Testing task 1006,Testing,High,13,16,39.6,0.0,1,0,69.3,6.7,1,-39.6,0.26879313323217185,Medium
T1007,Presentation task 1007,Presentation,High,12,1,33.7,91.7,1,0,49.6,9.4,1,58.0,0.3845642198114447,High
T1008,Design task 1008,Design,Low,8,17,28.1,0.0,5,0,72.0,7.8,1,-28.1,0.20074883161802962,Low
T1009,Presentation task 1009,Presentation,High,11,3,47.5,72.7,5,3,48.4,0.0,1,25.200000000000003,0.28959971280405844,Medium
T1010,Testing task 1010,Testing,Medium,8,1,24.6,87.5,0,0,78.5,1.2,1,62.9,0.295033921241545,Medium
T1011,Presentation task 1011,Presentation,Medium,4,14,63.4,0.0,1,1,70.4,2.9,1,-63.4,0.1906728813088534,Low
T1012,Development task 1012,Development,Medium,12,15,56.3,0.0,4,1,98.0,1.0,0,-56.3,0.09136881219167116,Low
T1013,Presentation task 1013,Presentation,Low,4,11,67.0,0.0,4,1,70.1,5.1,0,-67.0,0.19757617970102803,Low
T1014,Testing task 1014,Testing,Low,5,0,67.7,100.0,5,4,54.6,6.0,1,32.3,0.4804508561217376,High
T1015,Documentation task 1015,Documentation,Low,8,0,70.1,100.0,3,0,65.1,1.4,0,29.900000000000006,0.2826370658228314,Medium
T1016,Testing task 1016,Testing,Low,12,6,45.7,50.0,0,0,43.1,6.9,0,4.299999999999997,0.26734164975502883,Medium
T1017,Development task 1017,Development,Low,6,8,100.0,0.0,5,0,78.1,6.5,1,-100.0,0.1878354637641974,Low
T1018,Testing task 1018,Testing,High,7,20,60.9,0.0,0,0,81.8,3.6,0,-60.9,0.05399037744263906,Low
T1019,Presentation task 1019,Presentation,Medium,1,4,8.4,0.0,0,0,100.0,4.6,0,-8.4,0.10372207746064382,Low
T1020,Documentation task 1020,Documentation,High,2,2,29.9,0.0,4,0,57.6,0.1,0,-29.9,0.12006003295692846,Low
T1021,Research task 1021,Research,High,1,19,11.5,0.0,3,3,64.6,4.2,2,-11.5,0.25865176165100573,Medium
T1022,Documentation task 1022,Documentation,Medium,2,1,55.4,50.0,0,0,58.5,5.0,0,-5.399999999999999,0.09877805529728709,Low
T1023,Presentation task 1023,Presentation,Medium,13,-2,52.0,100.0,1,0,74.2,5.4,1,48.0,0.27322788559793887,Medium
T1024,Documentation task 1024,Documentation,High,12,7,43.3,41.7,3,0,77.6,5.9,1,-1.5999999999999943,0.14225944117227426,Low
T1025,Development task 1025,Development,Medium,12,7,100.0,41.7,1,1,68.9,5.6,0,-58.3,0.2455519857433459,Medium
T1026,Development task 1026,Development,Medium,1,12,68.7,0.0,4,0,91.7,4.3,1,-68.7,0.03452758778404594,Low
T1027,Documentation task 1027,Documentation,High,2,18,73.2,0.0,2,1,57.7,5.7,1,-73.2,0.28458494996090145,Medium
T1028,Testing task 1028,Testing,Medium,4,19,31.7,0.0,3,0,89.7,7.5,0,-31.7,0.13556090746482058,Low
T1029,Development task 1029,Development,Medium,8,4,30.0,50.0,2,2,80.8,4.8,0,20.0,0.38160596407910097,High
T1030,Development task 1030,Development,High,5,20,55.9,0.0,2,2,69.8,5.8,2,-55.9,0.31749346016584623,Medium
T1031,Development task 1031,Development,Medium,7,12,59.3,0.0,2,2,63.7,4.5,0,-59.3,0.20196665473937575,Low
T1032,Research task 1032,Research,High,3,-1,8.6,100.0,4,1,100.0,3.4,1,91.4,0.5104807273311741,High
T1033,Research task 1033,Research,Low,11,19,50.5,0.0,3,1,53.7,6.3,1,-50.5,0.26412220141027176,Medium
T1034,Research task 1034,Research,Low,5,1,55.4,80.0,3,3,76.0,3.6,0,24.6,0.3387188207056497,High
T1035,Development task 1035,Development,Medium,1,11,49.6,0.0,3,3,55.0,6.0,1,-49.6,0.2520620168011729,Medium
T1036,Testing task 1036,Testing,Low,11,16,34.7,0.0,1,0,100.0,5.1,0,-34.7,0.0815148032153303,Low
T1037,Development task 1037,Development,High,13,3,41.5,76.9,5,4,87.7,4.2,1,35.400000000000006,0.3253077682341908,Medium
T1038,Presentation task 1038,Presentation,Low,1,4,50.6,0.0,3,3,56.4,4.2,1,-50.6,0.3611110498197233,High
T1039,Design task 1039,Design,Medium,7,8,57.3,0.0,4,2,80.3,3.7,1,-57.3,0.16135783264533707,Low
T1040,Development task 1040,Development,Low,12,18,70.1,0.0,5,3,75.2,0.9,0,-70.1,0.23693005532466493,Medium
T1041,Design task 1041,Design,High,10,3,82.0,70.0,5,0,59.7,6.0,0,-12.0,0.0642420666240582,Low
T1042,Design task 1042,Design,Medium,12,13,47.6,0.0,4,0,85.2,5.6,0,-47.6,0.1129397802072574,Low
T1043,Testing task 1043,Testing,Low,6,8,43.6,0.0,4,0,77.8,7.1,0,-43.6,0.211269632005066,Medium
T1044,Design task 1044,Design,Low,6,0,65.9,100.0,2,0,74.3,3.7,1,34.099999999999994,0.23555145087230178,Medium
T1045,Design task 1045,Design,Medium,10,14,70.3,0.0,4,4,69.2,9.7,1,-70.3,0.3604066198853149,High
T1046,Documentation task 1046,Documentation,High,3,17,44.1,0.0,1,1,78.6,4.1,0,-44.1,0.17344821428179782,Low
T1047,Documentation task 1047,Documentation,High,4,11,74.8,0.0,4,3,74.6,2.8,0,-74.8,0.16591161789238584,Low
T1048,Design task 1048,Design,Medium,9,2,79.5,77.8,0,0,71.2,2.5,0,-1.7000000000000028,0.12293113205571406,Low
T1049,Research task 1049,Research,Medium,10,1,87.3,90.0,5,1,57.2,0.7,0,2.700000000000003,0.09271225328337815,Low
T1050,Design task 1050,Design,Low,2,7,99.5,0.0,1,1,100.0,8.8,2,-99.5,0.2597848942668221,Medium
T1051,Testing task 1051,Testing,Medium,8,9,33.3,0.0,3,0,49.0,8.4,0,-33.3,0.22829971188422868,Medium
T1052,Presentation task 1052,Presentation,Medium,6,10,55.3,0.0,0,0,78.6,6.5,0,-55.3,0.11884531443066787,Low
T1053,Research task 1053,Research,Low,8,3,55.3,62.5,0,0,63.6,2.8,0,7.200000000000003,0.09178979000071122,Low
T1054,Research task 1054,Research,Medium,14,9,52.5,35.7,5,5,100.0,9.5,1,-16.799999999999997,0.37734260326340846,High
T1055,Testing task 1055,Testing,High,2,4,38.8,0.0,5,0,51.9,4.1,0,-38.8,0.1801628480808425,Low
T1056,Presentation task 1056,Presentation,Low,14,13,17.9,7.1,1,0,55.3,4.3,1,-10.799999999999999,0.0961573081014796,Low
T1057,Testing task 1057,Testing,Low,7,16,57.3,0.0,0,0,50.6,8.6,0,-57.3,0.13839462174887293,Low
T1058,Presentation task 1058,Presentation,Low,11,13,35.8,0.0,4,0,76.5,6.6,1,-35.8,0.10332044586697542,Low
T1059,Testing task 1059,Testing,Low,6,-2,57.1,100.0,5,4,42.5,10.0,0,42.9,0.616996991607694,High
T1060,Research task 1060,Research,Low,5,20,35.1,0.0,1,0,60.4,5.6,0,-35.1,0.15717864494812728,Low
T1061,Development task 1061,Development,Medium,11,-2,27.5,100.0,3,1,27.0,4.0,0,72.5,0.5827541356222856,High
T1062,Documentation task 1062,Documentation,Low,10,20,60.9,0.0,1,0,74.8,3.5,1,-60.9,0.09065915576413591,Low
T1063,Testing task 1063,Testing,Medium,3,-2,58.8,100.0,4,3,60.0,0.4,1,41.2,0.3706299547916613,High
T1064,Design task 1064,Design,High,10,9,69.5,10.0,2,1,40.2,4.3,2,-59.5,0.3001423244207249,Medium
T1065,Design task 1065,Design,High,11,0,100.0,100.0,0,0,91.7,7.9,2,0.0,0.18661090766077512,Low
T1066,Testing task 1066,Testing,Medium,6,0,61.9,100.0,1,0,43.8,6.5,0,38.1,0.374477402792699,High
T1067,Development task 1067,Development,Low,13,13,67.1,0.0,3,1,85.9,5.1,1,-67.1,0.08682042471089796,Low
T1068,Testing task 1068,Testing,Low,9,14,28.1,0.0,4,1,56.0,2.5,2,-28.1,0.14834281211719336,Low
T1069,Development task 1069,Development,Low,5,0,22.8,100.0,0,0,100.0,5.6,2,77.2,0.48800314938040895,High
T1070,Development task 1070,Development,High,1,20,94.6,0.0,5,4,85.0,7.5,0,-94.6,0.23251960499984042,Medium
T1071,Testing task 1071,Testing,High,10,5,31.9,50.0,3,3,49.8,6.1,0,18.1,0.420875191072575,High
T1072,Research task 1072,Research,Medium,3,5,28.9,0.0,5,0,51.7,5.4,0,-28.9,0.036899015190590315,Low
T1073,Development task 1073,Development,Medium,11,4,54.0,63.6,5,4,82.1,3.0,0,9.600000000000001,0.22081375035117407,Medium
T1074,Development task 1074,Development,Medium,8,8,52.7,0.0,0,0,64.8,7.2,1,-52.7,0.16889893437276005,Low
T1075,Documentation task 1075,Documentation,Low,7,2,32.4,71.4,0,0,66.6,0.0,1,39.00000000000001,0.32039368183378697,Medium
T1076,Documentation task 1076,Documentation,High,3,7,47.4,0.0,4,0,95.4,6.0,1,-47.4,0.055113522665944055,Low
T1077,Development task 1077,Development,Low,10,2,85.7,80.0,1,1,55.0,10.0,1,-5.700000000000003,0.3977163314390212,High
T1078,Design task 1078,Design,Medium,3,-1,34.9,100.0,0,0,71.8,1.2,1,65.1,0.41766325572910634,High
T1079,Design task 1079,Design,Medium,6,6,20.2,0.0,2,1,89.1,4.4,1,-20.2,0.12960885097111963,Low
T1080,Design task 1080,Design,Low,12,13,78.6,0.0,5,1,86.2,5.0,1,-78.6,0.1270238025613655,Low
T1081,Design task 1081,Design,Medium,13,15,67.3,0.0,4,2,66.8,3.8,0,-67.3,0.1938814386905952,Low
T1082,Documentation task 1082,Documentation,High,14,6,39.5,57.1,3,1,64.2,7.6,1,17.6,0.22189241830704018,Medium
T1083,Research task 1083,Research,Low,14,5,15.4,64.3,1,1,35.2,6.2,2,48.9,0.47192817274026544,High
T1084,Research task 1084,Research,Medium,8,16,36.4,0.0,2,2,48.9,5.4,0,-36.4,0.35478893538065415,High
T1085,Testing task 1085,Testing,Medium,3,13,53.6,0.0,4,4,76.4,7.0,0,-53.6,0.326532740543221,Medium
T1086,Design task 1086,Design,Low,12,17,84.1,0.0,0,0,67.2,5.0,2,-84.1,0.14969576885917119,Low
T1087,Documentation task 1087,Documentation,Low,12,18,29.1,0.0,3,1,71.5,10.0,0,-29.1,0.24840361809182415,Medium
T1088,Documentation task 1088,Documentation,Low,14,16,52.9,0.0,0,0,90.8,5.4,0,-52.9,0.12384526827648859,Low
T1089,Documentation task 1089,Documentation,Low,10,19,71.9,0.0,1,1,46.3,5.5,1,-71.9,0.3183371740621723,Medium
T1090,Development task 1090,Development,Medium,2,7,0.0,0.0,1,0,65.3,0.7,0,0.0,0.03472929263104489,Low
T1091,Development task 1091,Development,High,8,7,80.8,12.5,4,3,73.8,3.6,1,-68.3,0.3067027138306501,Medium
T1092,Development task 1092,Development,Medium,7,5,25.4,28.6,5,3,55.9,7.9,0,3.200000000000003,0.36166741006023306,High
T1093,Design task 1093,Design,High,12,3,63.3,75.0,0,0,98.6,1.7,2,11.700000000000003,0.155746214850994,Low
T1094,Testing task 1094,Testing,Medium,6,15,61.2,0.0,4,2,88.2,0.0,1,-61.2,0.07221867337437211,Low
T1095,Presentation task 1095,Presentation,Medium,5,14,82.1,0.0,3,1,75.8,5.1,1,-82.1,0.128455471328137,Low
T1096,Design task 1096,Design,Medium,2,16,68.8,0.0,5,2,100.0,8.4,1,-68.8,0.19300314350350364,Low
T1097,Research task 1097,Research,Low,12,1,0.0,91.7,5,3,40.0,5.1,2,91.7,0.6638215882155539,High
T1098,Testing task 1098,Testing,Medium,11,9,35.4,18.2,0,0,69.8,4.2,0,-17.2,0.019875406722047392,Low
T1099,Development task 1099,Development,Medium,1,3,58.5,0.0,4,3,77.3,0.4,1,-58.5,0.22145132334392947,Medium
T1100,Documentation task 1100,Documentation,High,7,18,50.1,0.0,3,1,51.7,6.1,1,-50.1,0.29498977985909025,Medium
T1101,Presentation task 1101,Presentation,Medium,7,4,66.9,42.9,0,0,76.0,6.7,0,-24.000000000000007,0.1753237069915439,Low
T1102,Presentation task 1102,Presentation,Low,7,1,74.7,85.7,1,1,47.9,0.5,0,11.0,0.23034735985978824,Medium
T1103,Development task 1103,Development,High,13,11,70.2,15.4,5,4,83.8,7.8,1,-54.800000000000004,0.2515798301299755,Medium
T1104,Presentation task 1104,Presentation,Low,3,18,49.6,0.0,3,1,91.2,6.9,1,-49.6,0.1983592838753706,Low
T1105,Research task 1105,Research,High,5,19,8.8,0.0,2,2,75.4,7.8,0,-8.8,0.27956814756642434,Medium
T1106,Development task 1106,Development,High,3,0,43.6,100.0,1,0,32.9,6.5,0,56.4,0.46770205871279535,High
T1107,Design task 1107,Design,High,4,5,65.4,0.0,5,5,50.7,6.6,0,-65.4,0.3697027352969484,High
T1108,Presentation task 1108,Presentation,High,13,1,27.7,92.3,1,0,81.3,6.3,1,64.6,0.4599111931113997,High
T1109,Testing task 1109,Testing,Low,14,5,70.8,64.3,0,0,70.4,7.2,1,-6.5,0.11246049522019055,Low
T1110,Development task 1110,Development,Medium,1,10,77.7,0.0,3,2,16.1,0.5,0,-77.7,0.2444309473924656,Medium
T1111,Research task 1111,Research,High,9,4,58.2,55.6,5,1,94.9,1.2,0,-2.6000000000000014,0.050809583135267136,Low
T1112,Documentation task 1112,Documentation,Medium,4,-1,0.0,100.0,1,0,72.7,3.2,1,100.0,0.5106849144698985,High
T1113,Testing task 1113,Testing,Low,3,9,23.0,0.0,1,0,53.6,4.7,1,-23.0,0.19998710930010388,Low
T1114,Presentation task 1114,Presentation,Low,5,-1,100.0,100.0,2,2,89.9,6.0,1,0.0,0.3638062936525622,High
T1115,Development task 1115,Development,Medium,3,3,41.3,0.0,1,0,56.4,5.8,1,-41.3,0.25898884918584936,Medium
T1116,Research task 1116,Research,Medium,7,-2,5.4,100.0,3,3,56.2,7.8,1,94.6,0.77174617918508,High
T1117,Development task 1117,Development,Medium,14,-1,85.9,100.0,1,1,77.2,7.9,1,14.099999999999994,0.3732158271288769,High
T1118,Testing task 1118,Testing,High,9,8,55.3,11.1,0,0,100.0,2.8,1,-44.199999999999996,0.046022743194147474,Low
T1119,Design task 1119,Design,High,11,17,82.6,0.0,1,1,100.0,5.6,1,-82.6,0.11392891654693321,Low
T1120,Research task 1120,Research,Medium,7,15,61.9,0.0,5,3,77.2,2.9,0,-61.9,0.24468675224493017,Medium
T1121,Documentation task 1121,Documentation,Low,1,0,66.5,100.0,5,4,79.2,4.5,1,33.5,0.3998550793107165,High
T1122,Testing task 1122,Testing,Medium,2,-2,64.1,100.0,3,0,85.8,5.8,0,35.900000000000006,0.3292448530001455,Medium
T1123,Development task 1123,Development,Medium,4,5,72.4,0.0,2,2,44.9,0.0,3,-72.4,0.2999331596204549,Medium
T1124,Testing task 1124,Testing,Low,4,13,100.0,0.0,4,1,82.9,10.0,0,-100.0,0.15338422454749304,Low
T1125,Documentation task 1125,Documentation,Low,12,15,79.3,0.0,1,1,55.3,6.4,1,-79.3,0.23354934704368494,Medium
T1126,Research task 1126,Research,Medium,12,16,15.5,0.0,3,1,76.4,3.5,1,-15.5,0.23191766201944136,Medium
T1127,Development task 1127,Development,Low,12,5,66.2,58.3,4,3,65.5,9.8,2,-7.900000000000006,0.3666051091175105,High
T1128,Design task 1128,Design,Medium,9,1,83.5,88.9,4,3,80.0,4.1,0,5.400000000000006,0.2413707167850742,Medium
T1129,Research task 1129,Research,Low,8,-2,85.1,100.0,1,0,72.4,5.3,0,14.900000000000006,0.2367326494436228,Medium
T1130,Research task 1130,Research,Low,10,1,44.3,90.0,4,3,8.5,3.8,0,45.7,0.5685118452416419,High
T1131,Development task 1131,Development,Low,6,-1,84.1,100.0,3,1,73.6,9.1,1,15.900000000000006,0.40513239065338186,High
T1132,Testing task 1132,Testing,Medium,10,17,78.2,0.0,5,1,82.8,4.7,0,-78.2,0.05632924522135119,Low
T1133,Testing task 1133,Testing,Medium,12,4,100.0,66.7,1,1,78.9,5.4,0,-33.3,0.3043641921835947,Medium
T1134,Documentation task 1134,Documentation,Medium,11,16,36.2,0.0,3,3,67.9,8.0,1,-36.2,0.3831240682166007,High
T1135,Development task 1135,Development,Low,9,10,42.3,0.0,4,0,100.0,6.5,0,-42.3,0.08987623753292069,Low
T1136,Testing task 1136,Testing,High,1,10,47.3,0.0,1,1,76.2,4.9,1,-47.3,0.16628054451233065,Low
T1137,Documentation task 1137,Documentation,Medium,11,8,42.7,27.3,4,4,78.8,7.8,0,-15.400000000000002,0.36150043200304627,High
T1138,Testing task 1138,Testing,Medium,6,16,32.7,0.0,0,0,90.9,10.0,1,-32.7,0.20413804168139763,Medium
T1139,Presentation task 1139,Presentation,Medium,11,-2,0.0,100.0,4,2,77.3,5.8,2,100.0,0.5814934144294449,High
T1140,Design task 1140,Design,High,8,0,44.1,100.0,3,2,52.0,5.3,0,55.9,0.4855460962320811,High
T1141,Documentation task 1141,Documentation,High,13,7,64.2,46.2,1,0,21.2,5.4,0,-18.0,0.35550864713962443,High
T1142,Documentation task 1142,Documentation,Medium,5,7,42.7,0.0,0,0,60.5,8.3,0,-42.7,0.18457508787072108,Low
T1143,Testing task 1143,Testing,Medium,14,10,100.0,28.6,4,0,85.2,3.5,0,-71.4,0.037601470283217156,Low
T1144,Research task 1144,Research,Low,12,14,55.3,0.0,1,1,62.9,4.3,0,-55.3,0.16972516873466797,Low
T1145,Testing task 1145,Testing,Medium,5,11,87.3,0.0,2,2,86.0,1.2,1,-87.3,0.27760494917147094,Medium
T1146,Presentation task 1146,Presentation,Medium,7,3,61.5,57.1,0,0,73.0,2.0,0,-4.399999999999999,0.1328879744788844,Low
T1147,Testing task 1147,Testing,Low,8,5,75.7,37.5,5,1,95.8,3.7,2,-38.2,0.19883862236252806,Low
T1148,Research task 1148,Research,High,11,15,62.0,0.0,3,2,64.1,4.9,2,-62.0,0.2730925975379413,Medium
T1149,Design task 1149,Design,High,10,2,89.2,80.0,5,4,79.4,9.4,0,-9.200000000000003,0.3979342950999727,High
T1150,Testing task 1150,Testing,Low,12,9,56.4,25.0,0,0,80.1,6.3,2,-31.4,0.1152673138559378,Low
T1151,Documentation task 1151,Documentation,High,6,10,67.4,0.0,1,1,100.0,2.7,1,-67.4,0.1652962157124196,Low
T1152,Development task 1152,Development,Medium,8,15,64.2,0.0,3,1,35.9,3.2,0,-64.2,0.2085026757486368,Medium
T1153,Presentation task 1153,Presentation,Medium,7,14,47.8,0.0,3,1,60.8,8.4,1,-47.8,0.3205890132604277,Medium
T1154,Documentation task 1154,Documentation,High,13,8,65.1,38.5,4,2,87.0,7.8,1,-26.599999999999994,0.24910881867368945,Medium
T1155,Design task 1155,Design,Medium,5,5,100.0,0.0,5,5,100.0,5.1,1,-100.0,0.22855774624652261,Medium
T1156,Design task 1156,Design,Medium,9,6,48.2,33.3,4,4,74.8,3.9,1,-14.900000000000006,0.2761703586126854,Medium
T1157,Presentation task 1157,Presentation,Medium,2,7,65.5,0.0,0,0,64.1,7.8,1,-65.5,0.10369600654365463,Low
T1158,Testing task 1158,Testing,Low,12,3,86.4,75.0,1,0,85.1,2.5,1,-11.400000000000006,0.0,Low
T1159,Presentation task 1159,Presentation,Medium,6,12,83.5,0.0,5,5,87.4,6.0,0,-83.5,0.317133735172081,Medium
T1160,Presentation task 1160,Presentation,Medium,5,2,55.3,60.0,3,2,62.8,10.0,0,4.700000000000003,0.3335128056846829,Medium
T1161,Development task 1161,Development,Medium,9,12,0.0,0.0,5,2,76.6,5.5,0,0.0,0.1711958017176533,Low
T1162,Research task 1162,Research,Low,7,15,67.9,0.0,3,0,93.6,3.1,0,-67.9,0.09764733396833075,Low
T1163,Presentation task 1163,Presentation,Low,12,20,0.0,0.0,0,0,100.0,6.0,2,0.0,0.19318385258556325,Low
T1164,Testing task 1164,Testing,Medium,8,0,91.7,100.0,2,1,84.9,3.8,2,8.299999999999997,0.2854243977413791,Medium
T1165,Research task 1165,Research,Low,8,15,59.2,0.0,4,3,70.9,1.5,0,-59.2,0.2825536415108906,Medium
T1166,Testing task 1166,Testing,Medium,2,-1,80.0,100.0,3,3,68.9,6.8,0,20.0,0.4537844567028638,High
T1167,Research task 1167,Research,Medium,1,5,32.4,0.0,0,0,81.1,7.8,1,-32.4,0.17712733984566642,Low
T1168,Design task 1168,Design,High,6,2,16.2,66.7,1,1,67.7,4.2,0,50.5,0.43021944112523,High
T1169,Development task 1169,Development,Low,14,1,61.5,92.9,5,0,73.8,4.1,1,31.400000000000006,0.2030918885599859,Medium
T1170,Development task 1170,Development,High,13,2,54.2,84.6,5,3,48.8,2.6,1,30.39999999999999,0.41666659694867275,High
T1171,Testing task 1171,Testing,Medium,9,-1,42.7,100.0,4,3,95.9,4.6,5,57.3,0.38342669899923576,High
T1172,Presentation task 1172,Presentation,Medium,9,16,57.1,0.0,0,0,47.2,3.6,2,-57.1,0.13722069046954444,Low
T1173,Development task 1173,Development,High,6,-1,100.0,100.0,3,1,61.4,2.5,0,0.0,0.20654651752838063,Medium
T1174,Documentation task 1174,Documentation,Medium,3,7,75.9,0.0,4,2,72.0,9.7,0,-75.9,0.22801188382933185,Medium
T1175,Presentation task 1175,Presentation,Medium,1,14,81.2,0.0,3,3,100.0,6.2,1,-81.2,0.23707887051302565,Medium
T1176,Documentation task 1176,Documentation,Medium,5,20,76.1,0.0,3,2,61.5,6.4,0,-76.1,0.34571877831136144,High
T1177,Design task 1177,Design,Medium,5,17,92.0,0.0,2,2,56.7,7.2,0,-92.0,0.36148452762241723,High
T1178,Documentation task 1178,Documentation,High,3,1,50.2,66.7,1,0,59.0,6.9,1,16.5,0.24512528262632974,Medium
T1179,Design task 1179,Design,Medium,4,20,3.6,0.0,1,0,100.0,4.0,1,-3.6,0.053188341118047835,Low
T1180,Development task 1180,Development,High,1,13,50.3,0.0,4,2,13.8,5.7,0,-50.3,0.23094980257240783,Medium
T1181,Testing task 1181,Testing,Medium,9,2,75.3,77.8,0,0,49.9,4.3,0,2.5,0.21364968930030684,Medium
T1182,Design task 1182,Design,High,13,8,30.8,38.5,0,0,100.0,6.1,2,7.699999999999999,0.13929621081280955,Low
T1183,Research task 1183,Research,High,10,19,50.6,0.0,2,2,81.8,5.9,0,-50.6,0.15081000978860598,Low
T1184,Presentation task 1184,Presentation,Low,7,7,37.7,0.0,4,3,47.9,4.0,0,-37.7,0.2631891795905029,Medium
T1185,Documentation task 1185,Documentation,Low,6,2,92.6,66.7,3,2,69.2,1.7,0,-25.89999999999999,0.22364894418009126,Medium
T1186,Research task 1186,Research,Medium,5,18,73.7,0.0,3,0,71.3,5.4,1,-73.7,0.18887371532541933,Low
T1187,Development task 1187,Development,Medium,2,19,71.3,0.0,3,3,86.9,4.5,1,-71.3,0.2501489269378279,Medium
T1188,Design task 1188,Design,Medium,9,20,70.5,0.0,0,0,100.0,0.3,0,-70.5,0.0,Low
T1189,Presentation task 1189,Presentation,High,8,19,54.1,0.0,1,0,77.8,6.3,0,-54.1,0.22711323402447642,Medium
T1190,Presentation task 1190,Presentation,High,1,18,59.9,0.0,0,0,59.2,7.4,0,-59.9,0.17252930780497758,Low
T1191,Documentation task 1191,Documentation,Medium,6,8,25.4,0.0,4,4,85.7,10.0,0,-25.4,0.36742809157989675,High
T1192,Development task 1192,Development,Medium,4,2,0.3,50.0,4,2,56.0,4.0,0,49.7,0.3829730178311871,High
T1193,Research task 1193,Research,Low,3,12,58.8,0.0,1,1,49.3,3.7,0,-58.8,0.2660454825817916,Medium
T1194,Design task 1194,Design,Medium,10,3,63.1,70.0,1,1,34.8,2.2,1,6.899999999999999,0.2188352170464618,Medium
T1195,Research task 1195,Research,Low,8,8,85.2,0.0,1,1,38.7,5.5,0,-85.2,0.2513466227140683,Medium
T1196,Documentation task 1196,Documentation,Medium,9,13,94.3,0.0,5,5,52.1,5.5,0,-94.3,0.260602954695364,Medium
T1197,Research task 1197,Research,Medium,10,19,94.2,0.0,2,1,46.4,3.0,3,-94.2,0.21181800057319328,Medium
T1198,Documentation task 1198,Documentation,Medium,14,4,30.0,71.4,4,4,76.3,4.6,1,41.400000000000006,0.49864016867822025,High
T1199,Presentation task 1199,Presentation,Medium,12,3,46.2,75.0,2,0,46.0,0.1,2,28.799999999999997,0.20601703886814843,Medium
T1200,Design task 1200,Design,Medium,9,14,67.0,0.0,4,0,7.1,7.3,0,-67.0,0.2847628062737042,Medium
